/*
SQLyog Community v13.1.7 (64 bit)
MySQL - 10.4.21-MariaDB : Database - dhh_db1
*********************************************************************
*/

/*!40101 SET NAMES utf8 */;

/*!40101 SET SQL_MODE=''*/;

/*!40014 SET @OLD_UNIQUE_CHECKS=@@UNIQUE_CHECKS, UNIQUE_CHECKS=0 */;
/*!40014 SET @OLD_FOREIGN_KEY_CHECKS=@@FOREIGN_KEY_CHECKS, FOREIGN_KEY_CHECKS=0 */;
/*!40101 SET @OLD_SQL_MODE=@@SQL_MODE, SQL_MODE='NO_AUTO_VALUE_ON_ZERO' */;
/*!40111 SET @OLD_SQL_NOTES=@@SQL_NOTES, SQL_NOTES=0 */;
CREATE DATABASE /*!32312 IF NOT EXISTS*/`dhh_db1` /*!40100 DEFAULT CHARACTER SET utf8 */;

USE `dhh_db1`;

/*Table structure for table `admin` */

DROP TABLE IF EXISTS `admin`;

CREATE TABLE `admin` (
  `id` int(10) unsigned NOT NULL AUTO_INCREMENT,
  `company_name` varchar(30) NOT NULL,
  `company_id` int(3) NOT NULL,
  `user_name` varchar(50) NOT NULL,
  `email` varchar(50) DEFAULT NULL,
  `user_pass` varchar(50) DEFAULT NULL,
  `role` enum('0','1','2') NOT NULL DEFAULT '2' COMMENT '0:SuperAdmin, 1:company admin, 2: user',
  PRIMARY KEY (`id`)
) ENGINE=InnoDB AUTO_INCREMENT=12 DEFAULT CHARSET=utf8;

/*Data for the table `admin` */

insert  into `admin`(`id`,`company_name`,`company_id`,`user_name`,`email`,`user_pass`,`role`) values 
(1,'',0,'Super Admin','admin@gmail.com','7e240de74fb1ed08fa08d38063f6a6a91462a815','0'),
(2,'Company Name1',1,'Remco','remco.tevreden@gmail.com','c39c28feee2c9ac58e3de7d97a7d252493b786c2','1'),
(3,'Company Name1',1,'Vytas','vytgudzinevicius@gmail.com','7e240de74fb1ed08fa08d38063f6a6a91462a815','1');

/*Table structure for table `basic_bezorging` */

DROP TABLE IF EXISTS `basic_bezorging`;

CREATE TABLE `basic_bezorging` (
  `id` int(10) unsigned NOT NULL AUTO_INCREMENT,
  `bezorging` varchar(50) DEFAULT NULL,
  `bezorgfee` float(4,2) DEFAULT NULL,
  `company_id` int(3) DEFAULT NULL,
  PRIMARY KEY (`id`)
) ENGINE=InnoDB AUTO_INCREMENT=17 DEFAULT CHARSET=utf8;

/*Data for the table `basic_bezorging` */

insert  into `basic_bezorging`(`id`,`bezorging`,`bezorgfee`,`company_id`) values 
(1,'Nee',1.00,0),
(2,'broodjesservice.dehogeheide.nl',1.05,0),
(3,'Thuisbezorgd',1.15,0),
(4,'Nee',1.00,1),
(5,'broodjesservice.dehogeheide.nl',1.05,1),
(6,'Thuisbezorgd',1.15,1);

/*Table structure for table `basic_btw` */

DROP TABLE IF EXISTS `basic_btw`;

CREATE TABLE `basic_btw` (
  `id` int(10) unsigned NOT NULL AUTO_INCREMENT,
  `btw` int(3) DEFAULT NULL,
  `btw_factor` float(4,2) DEFAULT NULL,
  `company_id` int(3) DEFAULT NULL,
  PRIMARY KEY (`id`)
) ENGINE=InnoDB AUTO_INCREMENT=11 DEFAULT CHARSET=utf8;

/*Data for the table `basic_btw` */

insert  into `basic_btw`(`id`,`btw`,`btw_factor`,`company_id`) values 
(1,9,1.09,0),
(2,21,1.21,0),
(3,0,1.00,0),
(4,9,1.09,1),
(5,21,1.21,1),
(6,0,1.00,1);

/*Table structure for table `basic_eenheden` */

DROP TABLE IF EXISTS `basic_eenheden`;

CREATE TABLE `basic_eenheden` (
  `id` int(10) unsigned NOT NULL AUTO_INCREMENT,
  `name` varchar(20) DEFAULT NULL,
  `kleinste_id` int(11) DEFAULT NULL,
  `division_rate` int(11) NOT NULL,
  PRIMARY KEY (`id`)
) ENGINE=InnoDB AUTO_INCREMENT=19 DEFAULT CHARSET=utf8;

/*Data for the table `basic_eenheden` */

insert  into `basic_eenheden`(`id`,`name`,`kleinste_id`,`division_rate`) values 
(1,'Kilogram',1,1000),
(2,'Gram',1,1),
(3,'Deciliter',2,100),
(4,'Centiliter',2,10),
(5,'Mililiter',2,1),
(6,'Liter',2,1000),
(7,'Stuks',3,1),
(8,'Meter',4,100);

/*Table structure for table `basic_eenheid` */

DROP TABLE IF EXISTS `basic_eenheid`;

CREATE TABLE `basic_eenheid` (
  `id` int(10) unsigned NOT NULL AUTO_INCREMENT,
  `name` varchar(50) DEFAULT NULL,
  `company_id` int(3) DEFAULT NULL,
  PRIMARY KEY (`id`)
) ENGINE=InnoDB AUTO_INCREMENT=47 DEFAULT CHARSET=utf8;

/*Data for the table `basic_eenheid` */

insert  into `basic_eenheid`(`id`,`name`,`company_id`) values 
(1,'Blikken (met onderverdeling)',0),
(2,'Dozen',0),
(3,'Zakken',0),
(4,'Potten',0),
(5,'Flessen (met onderverdeling)',0),
(6,'Fusten',0),
(7,'Stuks',0),
(8,'Emmers',0),
(9,'Wikkel',0),
(10,'Krimp',0),
(11,'Can',0),
(12,'Bak',0),
(13,'Pakken',0),
(14,'Rol',0),
(15,'Krat',0),
(16,'Blikken (met onderverdeling)',1),
(17,'Dozen',1),
(18,'Zakken',1),
(19,'Potten',1),
(20,'Flessen (met onderverdeling)',1),
(21,'Fusten',1),
(22,'Stuks',1),
(23,'Emmers',1),
(24,'Wikkel',1),
(25,'Krimp',1),
(26,'Can',1),
(27,'Bak',1),
(28,'Pakken',1),
(29,'Rol',1),
(30,'Krat',1);

/*Table structure for table `basic_inkoopcategorien` */

DROP TABLE IF EXISTS `basic_inkoopcategorien`;

CREATE TABLE `basic_inkoopcategorien` (
  `id` int(10) unsigned NOT NULL AUTO_INCREMENT,
  `name` varchar(50) DEFAULT NULL,
  `company_id` int(3) DEFAULT NULL,
  PRIMARY KEY (`id`)
) ENGINE=InnoDB AUTO_INCREMENT=104 DEFAULT CHARSET=utf8;

/*Data for the table `basic_inkoopcategorien` */

insert  into `basic_inkoopcategorien`(`id`,`name`,`company_id`) values 
(1,'Bier',0),
(2,'Bloem/ Zetmelen',0),
(3,'Brood',0),
(4,'Chips/ Zuidvruchten',0),
(5,'Conserven',0),
(6,'Diepvries',0),
(7,'Dressings/ Sauzen',0),
(8,'Friet',0),
(9,'Frisdrank/ Water',0),
(10,'Fruit',0),
(11,'Gebak',0),
(12,'Gedistilleerd',0),
(13,'Groenten',0),
(14,'Kaas/ Zuivel',0),
(15,'Koek/ Snoep',0),
(16,'Kruiden/ Specerijen',0),
(17,'Nonfood / Glaswerk',0),
(18,'Nonfood/ Disposable',0),
(19,'Nonfood/ Diverse',0),
(20,'Nonfood/ Schoonmaak',0),
(21,'Olieen / Vetten',0),
(22,'Salade\'s',0),
(23,'Snacks',0),
(24,'Suiker/ Honing',0),
(25,'Thee/ Koffie',0),
(26,'Vegan',0),
(27,'Verpakt ijs',0),
(28,'Vlees',0),
(29,'Wijnen',0),
(30,'Zoetzuur',0),
(31,'Vis',0),
(32,'Statiegeld',0),
(33,'Sportspullen',0),
(34,'Eigen gerechten',0),
(35,'Bier',1),
(36,'Bloem/ Zetmelen',1),
(37,'Brood',1),
(38,'Chips/ Zuidvruchten',1),
(39,'Conserven',1),
(40,'Diepvries',1),
(41,'Dressings/ Sauzen',1),
(42,'Friet',1),
(43,'Frisdrank/ Water',1),
(44,'Fruit',1),
(45,'Gebak',1),
(46,'Gedistilleerd',1),
(47,'Groenten',1),
(48,'Kaas/ Zuivel',1),
(49,'Koek/ Snoep',1),
(50,'Kruiden/ Specerijen',1),
(51,'Nonfood / Glaswerk',1),
(52,'Nonfood/ Disposable',1),
(53,'Nonfood/ Diverse',1),
(54,'Nonfood/ Schoonmaak',1),
(55,'Olieen / Vetten',1),
(56,'Salade\'s',1),
(57,'Snacks',1),
(58,'Suiker/ Honing',1),
(59,'Thee/ Koffie',1),
(60,'Vegan',1),
(61,'Verpakt ijs',1),
(62,'Vlees',1),
(63,'Wijnen',1),
(64,'Zoetzuur',1),
(65,'Vis',1),
(66,'Statiegeld',1),
(67,'Sportspullen',1),
(68,'Eigen gerechten',1);

/*Table structure for table `basic_kleinste` */

DROP TABLE IF EXISTS `basic_kleinste`;

CREATE TABLE `basic_kleinste` (
  `id` int(10) unsigned NOT NULL AUTO_INCREMENT,
  `name` varchar(30) DEFAULT NULL,
  PRIMARY KEY (`id`)
) ENGINE=InnoDB AUTO_INCREMENT=6 DEFAULT CHARSET=utf8;

/*Data for the table `basic_kleinste` */

insert  into `basic_kleinste`(`id`,`name`) values 
(1,'Gram (1)'),
(2,'Mililiter (1)'),
(3,'Stuk (1)'),
(4,'Centimeter (1)');

/*Table structure for table `basic_leveranciernaam` */

DROP TABLE IF EXISTS `basic_leveranciernaam`;

CREATE TABLE `basic_leveranciernaam` (
  `id` int(10) unsigned NOT NULL AUTO_INCREMENT,
  `name` varchar(30) DEFAULT NULL,
  `company_id` int(3) DEFAULT NULL,
  PRIMARY KEY (`id`)
) ENGINE=InnoDB AUTO_INCREMENT=6 DEFAULT CHARSET=utf8;

/*Data for the table `basic_leveranciernaam` */

insert  into `basic_leveranciernaam`(`id`,`name`,`company_id`) values 
(1,'De Hoge Heide',0),
(2,'De Hoge Heide',1);

/*Table structure for table `basic_leveranciers` */

DROP TABLE IF EXISTS `basic_leveranciers`;

CREATE TABLE `basic_leveranciers` (
  `id` int(10) unsigned NOT NULL AUTO_INCREMENT,
  `name` varchar(50) DEFAULT NULL,
  `company_id` int(3) DEFAULT NULL,
  PRIMARY KEY (`id`)
) ENGINE=InnoDB AUTO_INCREMENT=59 DEFAULT CHARSET=utf8;

/*Data for the table `basic_leveranciers` */

insert  into `basic_leveranciers`(`id`,`name`,`company_id`) values 
(1,'Bidfood',0),
(2,'Sligro',0),
(3,'Harry de Louw',0),
(4,'De Hoge Heide',0),
(5,'Gebroeders Holkenburg',0),
(6,'Van Roessel',0),
(7,'Meledi',0),
(8,'Paardekooper',0),
(9,'De Notenshop',0),
(10,'TakeAware',0),
(11,'Kaasspeciaalzaak Leo Wijnstekers',0),
(12,'Jos van vught',0),
(13,'Meat street born',0),
(14,'Poelier van Hemert',0),
(15,'LEF Horecagroothandel',0),
(16,'Dunlop',0),
(17,'Chez Pierre',0),
(18,'De ijskeuken',0),
(19,'IJs en Taartmoment',0),
(20,'Bidfood',1),
(21,'Sligro',1),
(22,'Harry de Louw',1),
(23,'De Hoge Heide',1),
(24,'Gebroeders Holkenburg',1),
(25,'Van Roessel',1),
(26,'Meledi',1),
(27,'Paardekooper',1),
(28,'De Notenshop',1),
(29,'TakeAware',1),
(30,'Kaasspeciaalzaak Leo Wijnstekers',1),
(31,'Jos van vught',1),
(32,'Meat street born',1),
(33,'Poelier van Hemert',1),
(34,'LEF Horecagroothandel',1),
(35,'Dunlop',1),
(36,'Chez Pierre',1),
(37,'De ijskeuken',1),
(38,'IJs en Taartmoment',1);

/*Table structure for table `basic_locatie` */

DROP TABLE IF EXISTS `basic_locatie`;

CREATE TABLE `basic_locatie` (
  `id` int(10) unsigned NOT NULL AUTO_INCREMENT,
  `name` varchar(20) DEFAULT NULL,
  `company_id` int(3) DEFAULT NULL,
  PRIMARY KEY (`id`)
) ENGINE=InnoDB AUTO_INCREMENT=14 DEFAULT CHARSET=utf8;

/*Data for the table `basic_locatie` */

insert  into `basic_locatie`(`id`,`name`,`company_id`) values 
(1,'Bar',0),
(2,'Keuken',0),
(3,'Kantoor',0),
(4,'Chips/ Zuidvruchten',0),
(5,'Bar',1),
(6,'Keuken',1),
(7,'Kantoor',1),
(8,'Chips/ Zuidvruchten',1);

/*Table structure for table `basic_margegroepen` */

DROP TABLE IF EXISTS `basic_margegroepen`;

CREATE TABLE `basic_margegroepen` (
  `id` int(10) unsigned NOT NULL AUTO_INCREMENT,
  `margegroepen` varchar(30) DEFAULT NULL,
  `marge` float(5,2) DEFAULT NULL,
  `company_id` int(3) DEFAULT NULL,
  PRIMARY KEY (`id`)
) ENGINE=InnoDB AUTO_INCREMENT=80 DEFAULT CHARSET=utf8;

/*Data for the table `basic_margegroepen` */

insert  into `basic_margegroepen`(`id`,`margegroepen`,`marge`,`company_id`) values 
(1,'Warme dranken',5.40,0),
(2,'Frisdranken',5.20,0),
(3,'Sappen',3.50,0),
(4,'Sportdranken',2.70,0),
(5,'Pilseners',3.90,0),
(6,'Speciaalbieren fles',3.40,0),
(7,'Speciaalbieren tap',3.40,0),
(8,'Alcoholvrije bieren',4.20,0),
(9,'Wijnen Vaste marge',2.50,0),
(10,'Shots',1.00,0),
(11,'Ijsjes',1.70,0),
(12,'Snoep',2.50,0),
(13,'Voorgerechten',3.50,0),
(14,'Hoofdgerechten',3.50,0),
(15,'Desserts',2.80,0),
(16,'Salades',3.50,0),
(17,'Broodjes',3.50,0),
(18,'Pizza?s',3.50,0),
(19,'Borrel & bites',2.50,0),
(20,'Frituur & snacks',5.50,0),
(21,'Vaste marge 2,25',2.25,0),
(22,'Vaste marge 2,50',2.50,0),
(23,'Vaste marge 2,75',2.75,0),
(24,'Vaste marge 3,00',3.00,0),
(25,'Disposables',1.10,0),
(26,'Vaste marge  3.50',3.50,0),
(27,'Warme dranken',5.40,1),
(28,'Frisdranken',5.20,1),
(29,'Sappen',3.50,1),
(30,'Sportdranken',2.70,1),
(31,'Pilseners',3.90,1),
(32,'Speciaalbieren fles',3.40,1),
(33,'Speciaalbieren tap',3.40,1),
(34,'Alcoholvrije bieren',4.20,1),
(35,'Wijnen Vaste marge',2.50,1),
(36,'Shots',1.00,1),
(37,'Ijsjes',1.70,1),
(38,'Snoep',2.50,1),
(39,'Voorgerechten',3.50,1),
(40,'Hoofdgerechten',3.50,1),
(41,'Desserts',2.80,1),
(42,'Salades',3.50,1),
(43,'Broodjes',3.50,1),
(44,'Pizza?s',3.50,1),
(45,'Borrel & bites',2.50,1),
(46,'Frituur & snacks',5.50,1),
(47,'Vaste marge 2,25',2.25,1),
(48,'Vaste marge 2,50',2.50,1),
(49,'Vaste marge 2,75',2.75,1),
(50,'Vaste marge 3,00',3.00,1),
(51,'Disposables',1.10,1),
(52,'Vaste marge  3.50',3.50,1);

/*Table structure for table `basic_omzetgroepen` */

DROP TABLE IF EXISTS `basic_omzetgroepen`;

CREATE TABLE `basic_omzetgroepen` (
  `id` int(10) unsigned NOT NULL AUTO_INCREMENT,
  `name` varchar(100) DEFAULT NULL,
  `company_id` int(3) DEFAULT NULL,
  PRIMARY KEY (`id`)
) ENGINE=InnoDB AUTO_INCREMENT=38 DEFAULT CHARSET=utf8;

/*Data for the table `basic_omzetgroepen` */

insert  into `basic_omzetgroepen`(`id`,`name`,`company_id`) values 
(1,'8301 Omzet drank alcoholisch 21%',0),
(2,'8302 Omzet drank non-alcoholish 9%',0),
(3,'8303 Omzet eten 9%',0),
(4,'8304 Omzet sporten 9%',0),
(5,'8305 Omzet winkel 21%',0),
(6,'8306 Omzet soccerhome 9%',0),
(7,'8307 Omzet disposables 21%',0),
(8,'8308 Omzet sponsoring 21%',0),
(9,'8309 Omzet bowling 9%',0),
(10,'8310 Omzet Mollie nog uit te splitsen',0),
(11,'8000 Omzet binnenland hoog tarief',0),
(12,'8010 Omzet binnenland laag tarief',0),
(13,'8301 Omzet drank alcoholisch 21%',1),
(14,'8302 Omzet drank non-alcoholish 9%',1),
(15,'8303 Omzet eten 9%',1),
(16,'8304 Omzet sporten 9%',1),
(17,'8305 Omzet winkel 21%',1),
(18,'8306 Omzet soccerhome 9%',1),
(19,'8307 Omzet disposables 21%',1),
(20,'8308 Omzet sponsoring 21%',1),
(21,'8309 Omzet bowling 9%',1),
(22,'8310 Omzet Mollie nog uit te splitsen',1),
(23,'8000 Omzet binnenland hoog tarief',1),
(24,'8010 Omzet binnenland laag tarief',1);

/*Table structure for table `basic_statiegeld` */

DROP TABLE IF EXISTS `basic_statiegeld`;

CREATE TABLE `basic_statiegeld` (
  `id` int(10) unsigned NOT NULL AUTO_INCREMENT,
  `statiegeld` varchar(100) DEFAULT NULL,
  `price` float(5,2) DEFAULT NULL,
  `company_id` int(3) DEFAULT NULL,
  PRIMARY KEY (`id`)
) ENGINE=InnoDB AUTO_INCREMENT=192 DEFAULT CHARSET=utf8;

/*Data for the table `basic_statiegeld` */

insert  into `basic_statiegeld`(`id`,`statiegeld`,`price`,`company_id`) values 
(1,'Glazen horeca flesjes',0.10,0),
(2,'Petflessen van 0,75L of 1 / 1,5L',0.25,0),
(3,'Glazenflessen van 0,75L of 1 / 1,5L',0.25,0),
(4,'Rolcontainer',100.00,0),
(5,'Koolzuurflessen',120.00,0),
(6,'Fusten',30.00,0),
(7,'Omhulsels / kratjes bier',1.50,0),
(8,'Omhulsels / kratjes cola',2.60,0),
(9,'Omhulsels / kratjes vrumona',2.20,0),
(10,'Omhulsels / krat chaudfonthine',2.00,0),
(11,'Omhulsels / krat cola',2.50,0),
(12,'Petflesjes 0,5 L',0.15,0),
(13,'Geen statiegeld',0.00,0),
(14,'Krat cola leeg',1.50,0),
(15,'Glazen horeca flesjes',0.10,1),
(16,'Petflessen van 0,75L of 1 / 1,5L',0.25,1),
(17,'Glazenflessen van 0,75L of 1 / 1,5L',0.25,1),
(18,'Rolcontainer',100.00,1),
(19,'Koolzuurflessen',120.00,1),
(20,'Fusten',30.00,1),
(21,'Omhulsels / kratjes bier',1.50,1),
(22,'Omhulsels / kratjes cola',2.60,1),
(23,'Omhulsels / kratjes vrumona',2.20,1),
(24,'Omhulsels / krat chaudfonthine',2.00,1),
(25,'Omhulsels / krat cola',2.50,1),
(26,'Petflesjes 0,5 L',0.15,1),
(27,'Geen statiegeld',0.00,1),
(28,'Krat cola leeg',1.50,1);

/*Table structure for table `basic_verkoopgroepen` */

DROP TABLE IF EXISTS `basic_verkoopgroepen`;

CREATE TABLE `basic_verkoopgroepen` (
  `id` int(10) unsigned NOT NULL AUTO_INCREMENT,
  `name` varchar(50) DEFAULT NULL,
  `company_id` int(3) DEFAULT NULL,
  PRIMARY KEY (`id`)
) ENGINE=InnoDB AUTO_INCREMENT=62 DEFAULT CHARSET=utf8;

/*Data for the table `basic_verkoopgroepen` */

insert  into `basic_verkoopgroepen`(`id`,`name`,`company_id`) values 
(1,'Warme dranken',0),
(2,'Frisdranken',0),
(3,'Sappen',0),
(4,'Sportdranken',0),
(5,'Pilseners',0),
(6,'Speciaalbieren fles',0),
(7,'Speciaalbieren tap',0),
(8,'Alcoholvrije bieren',0),
(9,'Wijnen',0),
(10,'Shots',0),
(11,'Ijsjes',0),
(12,'Snoep',0),
(13,'Voorgerechten',0),
(14,'Hoofdgerechten',0),
(15,'Desserts',0),
(16,'Salades',0),
(17,'Broodjes',0),
(18,'Pizza?s',0),
(19,'Borrel & bites',0),
(20,'Frituur & snacks',0),
(21,'Warme dranken',1),
(22,'Frisdranken',1),
(23,'Sappen',1),
(24,'Sportdranken',1),
(25,'Pilseners',1),
(26,'Speciaalbieren fles',1),
(27,'Speciaalbieren tap',1),
(28,'Alcoholvrije bieren',1),
(29,'Wijnen',1),
(30,'Shots',1),
(31,'Ijsjes',1),
(32,'Snoep',1),
(33,'Voorgerechten',1),
(34,'Hoofdgerechten',1),
(35,'Desserts',1),
(36,'Salades',1),
(37,'Broodjes',1),
(38,'Pizza?s',1),
(39,'Borrel & bites',1),
(40,'Frituur & snacks',1);

/*Table structure for table `leverancierslijst` */

DROP TABLE IF EXISTS `leverancierslijst`;

CREATE TABLE `leverancierslijst` (
  `id` int(10) unsigned NOT NULL AUTO_INCREMENT,
  `recep_ticket_id` int(11) NOT NULL,
  `geef_productnaam` varchar(200) DEFAULT NULL,
  `leveranciers_id` int(11) DEFAULT NULL,
  `locatie_id` int(11) DEFAULT NULL,
  `inkoopcategorien_id` int(11) DEFAULT NULL,
  `artikelnummer` int(11) DEFAULT NULL,
  `prijs_van` float(13,7) DEFAULT NULL,
  `aantal_verpakkingen` int(11) DEFAULT NULL,
  `eenheid_id` int(11) DEFAULT NULL,
  `prijs_per` float(13,7) DEFAULT NULL,
  `inhoud_van` int(11) DEFAULT NULL,
  `eenheden_id` int(11) DEFAULT NULL,
  `prijs_per_eenheid` float(13,7) DEFAULT NULL,
  `kleinste_eenheid_id` int(11) DEFAULT NULL,
  `netto_stuks_prijs` float(13,7) DEFAULT NULL,
  `statiegeld_id` int(11) DEFAULT NULL,
  `statiegeld_price` float(13,7) DEFAULT NULL,
  `company_id` int(3) DEFAULT NULL,
  PRIMARY KEY (`id`)
) ENGINE=InnoDB AUTO_INCREMENT=802 DEFAULT CHARSET=utf8;

/*Data for the table `leverancierslijst` */

insert  into `leverancierslijst`(`id`,`recep_ticket_id`,`geef_productnaam`,`leveranciers_id`,`locatie_id`,`inkoopcategorien_id`,`artikelnummer`,`prijs_van`,`aantal_verpakkingen`,`eenheid_id`,`prijs_per`,`inhoud_van`,`eenheden_id`,`prijs_per_eenheid`,`kleinste_eenheid_id`,`netto_stuks_prijs`,`statiegeld_id`,`statiegeld_price`,`company_id`) values 
(1,0,'Serv. Cham 2lgs 33cm',20,5,52,12534,3.9240000,1,28,3.9240000,250,7,0.0156960,3,3.9240000,27,0.0000000,1),
(2,0,'Stoffer blik kunsts.',20,5,54,59521,20.3680000,1,22,20.3680000,1,7,20.3680000,3,20.3680000,27,0.0000000,1),
(3,0,'Alu steel 1400mm bl.',20,5,54,77599,9.7629995,1,22,9.7629995,1,7,9.7629995,3,9.7629995,27,0.0000000,1),
(4,0,'Veger zacht blauw',20,5,54,82487,13.8889999,1,22,13.8889999,1,7,13.8889999,3,13.8889999,27,0.0000000,1),
(5,0,'Raamtrekker 250mm',20,5,54,82051,10.3389997,1,22,10.3389997,1,7,10.3389997,3,10.3389997,27,0.0000000,1),
(6,0,'Zaalveger zacht haar',20,5,54,82462,8.6090002,1,22,8.6090002,1,7,8.6090002,3,8.6090002,27,0.0000000,1),
(7,0,'Stoffer en blik met.',20,5,54,59520,5.9020000,1,22,5.9020000,1,7,5.9020000,3,5.9020000,27,0.0000000,1),
(8,0,'Houten steel 140cm',20,5,54,74622,2.4410000,1,22,2.4410000,1,7,2.4410000,3,2.4410000,27,0.0000000,1),
(9,0,'Koolzuur 10 Kg',22,5,35,1001,47.6300011,1,21,47.6300011,10,1,4.7630000,1,47.6300011,19,120.0000000,1),
(10,0,'Fust Hertog Jan Bockbier 20 Liter',22,5,35,2026,82.4499969,1,21,82.4499969,20,6,4.1224999,2,82.4499969,20,30.0000000,1),
(11,0,'Fust Leffe Blond 20 liter',22,5,35,2035,80.5400009,1,21,80.5400009,20,6,4.0270000,2,80.5400009,20,30.0000000,1),
(12,0,'Fust Hertog Jan Weizener 20 liter',22,5,35,2046,78.0500031,1,21,78.0500031,20,6,3.9024999,2,78.0500031,20,30.0000000,1),
(13,0,'Fust Hoegaarden Wit 20 liter',22,5,35,2064,74.9899979,1,21,74.9899979,20,6,3.7495000,2,74.9899979,20,30.0000000,1),
(14,0,'Leffe Triple 24x33cl',22,5,35,2751,29.2500000,1,30,29.2500000,24,7,1.2187500,2,29.2500000,15,0.1000000,1),
(15,0,'Franziskaner Hefe Weisse 20x50cl',22,5,35,2822,22.7700005,1,30,22.7700005,20,7,1.1385000,2,22.7700005,15,0.1000000,1),
(16,0,'Hoegaarden ROSEE 24x30cl',22,5,35,3005,17.0100002,1,30,17.0100002,24,7,0.7087500,2,17.0100002,15,0.1000000,1),
(17,0,'Hoegaarden Radler Lemon 0.0 24x25cl',22,5,35,3006,15.1300001,1,30,15.1300001,24,7,0.6304167,2,15.1300001,15,0.1000000,1),
(18,0,'Thee PW TMS Green Tea Lemon 4x25x1,5gr',22,5,59,3211,11.4600000,4,17,2.8650000,25,7,0.1146000,3,11.4600000,27,0.0000000,1),
(19,0,'Thee PW TMS Green Tea Pure 4x25x1,5gr',22,5,59,3214,15.2700005,4,17,3.8175001,25,7,0.1527000,3,15.2700005,27,0.0000000,1),
(20,0,'Thee PW TMS Forest Fruit 4x25x1,5gr',22,5,59,3216,11.4700003,4,17,2.8675001,25,7,0.1147000,3,11.4700003,27,0.0000000,1),
(21,0,'Chocomel Hot 4x3 Liter',22,5,59,3346,147.1699982,4,18,36.7924995,3,6,12.2641668,2,147.1699982,27,0.0000000,1),
(22,0,'Cafe Milc D.E. 4x2 Liter Cafitesse',22,5,59,3443,54.1300011,4,28,13.5325003,2,6,6.7662501,2,54.1300011,27,0.0000000,1),
(23,0,'Minute Maid Appel 24x20cl',22,5,43,3761,14.3800001,1,30,14.3800001,24,7,0.5991667,3,14.3800001,15,0.1000000,1),
(24,0,'Coca Cola 24x20cl',22,5,43,3801,10.3500004,1,30,10.3500004,20,7,0.5175000,3,10.3500004,15,0.1000000,1),
(25,0,'Coca Cola Zero 24x20cl',22,5,43,3802,10.3500004,1,30,10.3500004,20,7,0.5175000,3,10.3500004,15,0.1000000,1),
(26,0,'Coca Cola 6x150cl Tray',22,5,43,3804,13.1400003,1,25,13.1400003,6,7,2.1900001,3,13.1400003,16,0.2500000,1),
(27,0,'Chaudfontaine Rood 24x25cl',22,5,43,3835,8.1999998,1,30,8.1999998,24,7,0.3416667,3,8.1999998,15,0.1000000,1),
(28,0,'Chaudfontaine Blauw 24x25cl',22,5,43,3836,8.1999998,1,30,8.1999998,24,7,0.3416667,3,8.1999998,15,0.1000000,1),
(29,0,'Fanta Orange 24x20cl',22,5,43,3851,10.3500004,1,30,10.3500004,24,7,0.4312500,3,10.3500004,15,0.1000000,1),
(30,0,'Fanta Orange 6x150cl Tray',22,5,43,3854,10.6800003,1,25,10.6800003,6,7,1.7800000,3,10.6800003,16,0.2500000,1),
(31,0,'Fanta Cassis 24x20cl',22,5,43,3856,10.6800003,1,30,10.6800003,24,7,0.4450000,3,10.6800003,15,0.1000000,1),
(32,0,'Sprite 24x20cl',22,5,43,3881,10.3500004,1,30,10.3500004,24,7,0.4312500,3,10.3500004,15,0.1000000,1),
(33,0,'Finley Tonic 24x20cl',22,5,43,3890,10.8000002,1,30,10.8000002,24,7,0.4500000,3,10.8000002,15,0.1000000,1),
(34,0,'Finley Bitter Lemon 24x20cl',22,5,43,3895,10.8000002,1,30,10.8000002,24,7,0.4500000,3,10.8000002,15,0.1000000,1),
(35,0,'Rivella Original 28x20cl',22,5,43,4180,18.5000000,1,30,18.5000000,28,7,0.6607143,3,18.5000000,15,0.1000000,1),
(36,0,'Siroop Sinasappel 5 liter',22,5,43,4212,8.5699997,1,26,8.5699997,5,6,1.7140000,2,8.5699997,27,0.0000000,1),
(37,0,'Calippo Cola 24x105ml',22,5,61,4851,18.1700001,1,17,18.1700001,24,7,0.7570833,3,18.1700001,27,0.0000000,1),
(38,0,'Max Super Twister 28x110ml',22,5,61,4852,25.6200008,1,17,25.6200008,28,7,0.9150000,3,25.6200008,27,0.0000000,1),
(39,0,'Calippo Bubble Gum 24x105ml',22,5,61,4854,18.1700001,1,17,18.1700001,24,7,0.7570833,3,18.1700001,27,0.0000000,1),
(40,0,'Cornetto Classico 24x120ml',22,5,61,4857,25.9200001,1,17,25.9200001,24,7,1.0800000,3,25.9200001,27,0.0000000,1),
(41,0,'Magnum Classic 20x120ml',22,5,61,4866,26.3099995,1,17,26.3099995,20,7,1.3155000,3,26.3099995,27,0.0000000,1),
(42,0,'Magnum White 20x105ml',22,5,61,4867,26.3099995,1,17,26.3099995,20,7,1.3155000,3,26.3099995,27,0.0000000,1),
(43,0,'Magnum Almond 20x105ml',22,5,61,4868,27.3400002,1,17,27.3400002,20,7,1.3670000,3,27.3400002,27,0.0000000,1),
(44,0,'Max Schatkist 18x80ml Ola Treasure',22,5,61,4883,15.4600000,1,17,15.4600000,18,7,0.8588889,3,15.4600000,27,0.0000000,1),
(45,0,'Split 48x67ml',22,5,61,4890,25.0100002,1,17,25.0100002,48,7,0.5210417,3,25.0100002,27,0.0000000,1),
(46,0,'Raket 54x55ml',22,5,61,4895,25.9699993,1,17,25.9699993,54,7,0.4809259,3,25.9699993,27,0.0000000,1),
(47,0,'Croix d\'Or Chardonnay 75cl',22,5,63,5118,4.3200002,1,20,4.3200002,75,4,0.0576000,2,4.3200002,27,0.0000000,1),
(48,0,'Sankt Kilian Mainzer Domherr Kabinett 100cl',22,5,63,5202,4.0900002,1,20,4.0900002,100,4,0.0409000,2,4.0900002,27,0.0000000,1),
(49,0,'Whisky Glen Talloch 100cl',22,5,46,5878,13.2799997,1,20,13.2799997,100,4,0.1328000,2,13.2799997,27,0.0000000,1),
(50,0,'Amaretto Disaronno 100cl',22,5,46,6010,16.9699993,1,20,16.9699993,100,4,0.1697000,2,16.9699993,27,0.0000000,1),
(51,0,'Licor 43 100cl',22,5,46,6024,19.4799995,1,20,19.4799995,100,4,0.1948000,2,19.4799995,27,0.0000000,1),
(52,0,'De Kuyper Dropshot 70cl',22,5,46,6043,8.1400003,1,20,8.1400003,70,4,0.1162857,2,8.1400003,27,0.0000000,1),
(53,0,'De Kuyper Hotshot 70cl',22,5,46,6044,8.8599997,1,20,8.8599997,70,4,0.1265714,2,8.8599997,27,0.0000000,1),
(54,0,'Bacardi Rum Wit 100cl',22,5,46,6100,15.1499996,1,20,15.1499996,100,4,0.1515000,2,15.1499996,27,0.0000000,1),
(55,0,'Wodka Trojka Pink 70cl',22,5,46,6143,9.6599998,1,20,9.6599998,70,4,0.1380000,2,9.6599998,27,0.0000000,1),
(56,0,'Wodka Puschkin Red 100cl',22,5,46,6156,7.1999998,1,20,7.1999998,100,4,0.0720000,2,7.1999998,27,0.0000000,1),
(57,0,'M&M Geel Doos 24x45gr',22,5,49,7200,12.6400003,1,17,12.6400003,24,7,0.5266667,3,12.6400003,27,0.0000000,1),
(58,0,'M&M Bruin Doos 24x45gr',22,5,49,7201,12.6400003,1,17,12.6400003,24,7,0.5266667,3,12.6400003,27,0.0000000,1),
(59,0,'Snickers Doos 32x50gr',22,5,49,7203,15.6899996,1,17,15.6899996,32,7,0.4903125,3,15.6899996,27,0.0000000,1),
(60,0,'Mars Doos 32x51gr',22,5,49,7204,13.7500000,1,17,13.7500000,32,7,0.4296875,3,13.7500000,27,0.0000000,1),
(61,0,'Twix Doos 25x50gr',22,5,49,7205,12.3800001,1,17,12.3800001,25,7,0.4952000,3,12.3800001,27,0.0000000,1),
(62,0,'Maoam Pinballs 28x70gr',22,5,49,7247,12.4899998,1,17,12.4899998,28,7,0.4460714,3,12.4899998,27,0.0000000,1),
(63,0,'KV Haribo Starmix 28x75gr',22,5,49,7277,12.4799995,1,17,12.4799995,28,7,0.4457143,3,12.4799995,27,0.0000000,1),
(64,0,'Fireman 70cl',22,5,46,5908,12.0600004,1,20,12.0600004,70,4,0.1722857,2,12.0600004,27,0.0000000,1),
(65,0,'Rocketshot 70cl',22,5,46,6057,8.0299997,1,20,8.0299997,70,4,0.1147143,2,8.0299997,27,0.0000000,1),
(66,0,'Glas Franziskaner Weizenglas 50cl',22,5,51,4793,1.8700000,1,22,1.8700000,1,7,1.8700000,3,1.8700000,27,0.0000000,1),
(67,0,'Hoegaarden Radler Lemon 2.0 24x30cl',22,5,35,3003,17.2500000,1,30,17.2500000,24,7,0.7187500,3,17.2500000,15,0.1000000,1),
(68,0,'Kwak Pauwel 24x33cl',22,5,35,2835,27.9599991,1,30,27.9599991,24,7,1.1650000,3,27.9599991,15,0.1000000,1),
(69,0,'Aquarius Orange 24x33cl met statiegeld',22,5,43,3774,20.1299992,1,25,20.1299992,24,7,0.8387500,3,20.1299992,26,0.1500000,1),
(70,0,'Aquarius Isotonic Blue ice 24x33cl met statiegeld',22,5,43,3780,21.0799999,1,25,21.0799999,24,7,0.8783333,3,21.0799999,26,0.1500000,1),
(71,0,'Franziskaner Hefe Alc Vrij 20x50cl',22,5,35,2823,22.1200008,1,30,22.1200008,20,7,1.1059999,3,22.1200008,15,0.1000000,1),
(72,0,'Fuze Tea Sparkling Black 24x20cl',22,5,43,3825,11.6300001,1,30,11.6300001,24,7,0.4845833,3,11.6300001,15,0.1000000,1),
(73,0,'Fuze Tea Green 24x20cl',22,5,43,3826,11.6300001,1,30,11.6300001,24,7,0.4845833,3,11.6300001,27,0.0000000,1),
(74,0,'Fuze Tea Green Tea Mango Chamomile 24x20cl',22,5,43,3827,11.6300001,1,30,11.6300001,24,7,0.4845833,3,11.6300001,15,0.1000000,1),
(75,0,'Fuze Tea Sparkling Black 6x125cl PET',22,5,43,3865,11.8800001,1,30,11.8800001,6,7,1.9800000,3,11.8800001,16,0.2500000,1),
(76,0,'Fuze Tea Green 6x125cl PET',22,5,43,3866,11.8800001,1,25,11.8800001,6,7,1.9800000,3,11.8800001,16,0.2500000,1),
(77,0,'Glas Long Drink 12x22cl Rock N Roll',22,5,51,4633,6.6700001,1,17,6.6700001,12,7,0.5558333,3,6.6700001,27,0.0000000,1),
(78,0,'Passoa 100cl',22,5,46,6033,11.1099997,1,20,11.1099997,1,7,11.1099997,3,11.1099997,27,0.0000000,1),
(79,0,'Gin Gordon 100cl',22,5,46,6161,13.8699999,1,20,13.8699999,1,7,13.8699999,3,13.8699999,27,0.0000000,1),
(80,0,'Bacardi Razz 100cl',22,5,46,6121,14.6300001,1,20,14.6300001,1,7,14.6300001,3,14.6300001,27,0.0000000,1),
(81,0,'Fust Leffe Bruin Dubbel 20 liter',22,5,35,2033,79.9700012,1,21,79.9700012,1,7,79.9700012,3,79.9700012,27,0.0000000,1),
(82,0,'Limoncello 70cl Luxardo',22,5,46,6046,11.1999998,1,20,11.1999998,70,4,0.1600000,2,11.1999998,27,0.0000000,1),
(83,0,'Pepermunt Box Wilhelmina 200 stuks',22,5,49,7449,6.2300000,1,17,6.2300000,200,7,0.0311500,3,6.2300000,27,0.0000000,1),
(84,0,'Autodrop Total Loss 16x85gr',22,5,49,7276,9.8599997,1,17,9.8599997,16,7,0.6162500,3,9.8599997,27,0.0000000,1),
(85,0,'Koekjes D.E. Douwe Egberts Zomer 160st',22,5,49,3154,15.5400000,1,17,15.5400000,160,7,0.0971250,3,15.5400000,27,0.0000000,1),
(86,0,'Sprite 6x150cl Tray',22,5,43,3878,0.0000000,1,30,0.0000000,6,7,0.0000000,3,0.0000000,16,0.2500000,1),
(87,0,'Finley Ginger Ale 24x20cl',22,5,43,3893,11.4799995,1,30,11.4799995,24,7,0.4783333,3,11.4799995,15,0.1000000,1),
(88,0,'Leffe Ruby 24x33cl',22,5,35,2756,26.7199993,1,30,26.7199993,24,7,1.1133333,3,26.7199993,15,0.1000000,1),
(89,0,'Belle Vue Kriek Extra 24x25cl',22,5,35,2875,19.7000008,1,30,19.7000008,24,7,0.8208333,3,19.7000008,15,0.1000000,1),
(90,0,'Dextro Energie Classic 24 stuks',22,5,49,7451,15.3599997,1,17,15.3599997,24,7,0.6400000,3,15.3599997,27,0.0000000,1),
(91,0,'At Home Allesreiniger 1000ml',22,5,54,8839,1.3500000,1,20,1.3500000,100,5,0.0135000,2,1.3500000,27,0.0000000,1),
(92,0,'Pedaalzak Fixeerband 35 Liter 10st op rol',22,5,54,8738,1.7100000,1,22,1.7100000,10,7,0.1710000,3,1.7100000,27,0.0000000,1),
(93,0,'Carre Wijn Glas Royal Leerdam 6x28cl',22,5,51,4648,13.3400002,1,17,13.3400002,6,7,2.2233334,3,13.3400002,27,0.0000000,1),
(94,0,'Huishouddoek ibex 38x40 Geel 10 stuks Werkdoek',22,5,54,8870,1.2600000,1,22,1.2600000,10,7,0.1260000,3,1.2600000,27,0.0000000,1),
(95,0,'Schuurspons Groen Geel 170x40x42 10 stuks',22,5,54,8877,2.6700001,1,22,2.6700001,10,7,0.2670000,3,2.6700001,27,0.0000000,1),
(96,0,'Leffe 0.0 Blond 24x33cl',22,5,35,2742,19.8099995,1,30,19.8099995,24,7,0.8254167,3,19.8099995,15,0.1000000,1),
(97,0,'Glas Borrel Volschenker 12x3.5cl',22,5,51,4660,15.5699997,1,17,15.5699997,12,7,1.2975000,3,15.5699997,27,0.0000000,1),
(98,0,'Emmer Hot Mix 5Kg Frappant',22,5,38,7108,24.1200008,1,23,24.1200008,5,1,4.8239999,1,24.1200008,27,0.0000000,1),
(99,0,'Bierglasreiniger Blokjes 60 stuks',22,5,54,4507,14.9499998,1,17,14.9499998,60,7,0.2491667,3,14.9499998,27,0.0000000,1),
(100,0,'Chaudfontaine Blauw 6x75cl Glas',22,5,43,3837,6.9400001,1,30,6.9400001,6,7,1.1566668,3,6.9400001,17,0.2500000,1),
(101,0,'Jagermeister Vierkant 100cl',22,5,46,5970,16.1399994,1,20,16.1399994,100,4,0.1614000,2,16.1399994,27,0.0000000,1),
(102,0,'Dreft Afwas 890ml',22,5,54,8826,3.0699999,1,20,3.0699999,890,5,0.0034494,2,3.0699999,27,0.0000000,1),
(103,0,'Fust Hertog Jan 20 liter Pilsener',22,5,35,2030,50.1300011,1,21,50.1300011,20,6,2.5065000,2,50.1300011,20,30.0000000,1),
(104,0,'Croix d\'Or Merlot 75cl',22,5,63,5117,4.3200002,1,20,4.3200002,75,4,0.0576000,2,4.3200002,27,0.0000000,1),
(105,0,'Torres Natureo Rose Cabernet 0.0 37,5cl',22,5,63,5176,3.1900001,1,20,3.1900001,38,4,0.0850667,2,3.1900001,27,0.0000000,1),
(106,0,'Torres Mas Rabelle Tempranillo 75cl',22,5,63,5156,5.1799998,1,20,5.1799998,75,4,0.0690667,2,5.1799998,27,0.0000000,1),
(107,0,'Brillo Groot 1x10 stuks',22,5,54,8892,2.2900000,1,18,2.2900000,10,7,0.2290000,3,2.2900000,27,0.0000000,1),
(108,0,'Leffe 9 Ritual 24x33cl',22,5,35,2752,25.1100006,1,30,25.1100006,24,7,1.0462500,3,25.1100006,15,0.1000000,1),
(109,0,'Jopen Non IPA 12x33cl',22,5,35,2935,17.5499992,1,17,17.5499992,12,7,1.4625000,3,17.5499992,15,0.1000000,1),
(110,0,'Jopen Mooie Nel iPA 12x33cl Doos',22,5,35,2931,18.1000004,1,17,18.1000004,12,7,1.5083333,3,18.1000004,15,0.1000000,1),
(111,0,'Jopen Triple Trinitas 12x33cl',22,5,35,2928,19.0000000,1,17,19.0000000,12,7,1.5833333,3,19.0000000,15,0.1000000,1),
(112,0,'Chaudfontaine Rood 12x100cl Glas',22,5,43,3831,13.6199999,1,30,13.6199999,12,7,1.1350000,3,13.6199999,17,0.2500000,1),
(113,0,'Hoegaarden Verboden Vrucht 24x33cl',22,5,35,2999,24.5599995,1,30,24.5599995,24,7,1.0233333,3,24.5599995,15,0.1000000,1),
(114,0,'Carnivor Cabernet Sauvignon 75cl',22,5,63,5208,8.8199997,1,20,8.8199997,75,4,0.1176000,2,8.8199997,27,0.0000000,1),
(115,0,'Cornetto Aardbei 24x120ml',22,5,63,4858,25.9200001,1,17,25.9200001,24,7,1.0800000,3,25.9200001,27,0.0000000,1),
(116,0,'Emmer Horeca Mix 5Kg Frappant',22,5,61,7109,22.2600002,1,23,22.2600002,5,1,4.4520001,1,22.2600002,27,0.0000000,1),
(117,0,'Koekjes M159 Rubino 300 stuks',22,5,38,3114,29.7800007,1,17,29.7800007,300,7,0.0992667,3,29.7800007,27,0.0000000,1),
(118,0,'Glas Hoegaarden Wit 25cl',22,5,51,4804,1.2500000,1,22,1.2500000,1,7,1.2500000,3,1.2500000,27,0.0000000,1),
(119,0,'Whisky Grants Scotch 100cl',22,5,46,5858,13.8100004,1,20,13.8100004,100,4,0.1381000,2,13.8100004,27,0.0000000,1),
(120,0,'Azijn Schoonmaak 12x1 liter Zone',22,5,54,8800,6.6199999,1,17,6.6199999,12,7,0.5516667,3,6.6199999,27,0.0000000,1),
(121,0,'Chaudfontaine Blauw 12x100cl Glas',22,5,43,3830,13.6199999,1,30,13.6199999,12,7,1.1350000,3,13.6199999,17,0.2500000,1),
(122,0,'Coca Cola Light TRAY 6x100cl PET',22,5,43,3809,9.0500002,1,25,9.0500002,6,7,1.5083333,3,9.0500002,16,0.2500000,1),
(123,0,'Glas Boston Shot 3,4cl 6 stuks Borrel',22,5,51,4659,3.0000000,1,17,3.0000000,6,7,0.5000000,3,3.0000000,27,0.0000000,1),
(124,0,'Coca Cola PET 24x50cl met statiegeld',22,5,43,3812,24.0400009,1,25,24.0400009,24,7,1.0016667,3,24.0400009,26,0.1500000,1),
(125,0,'KV Haribo Goudbeertje 28x75gr',22,5,49,7323,12.5000000,1,17,12.5000000,28,7,0.4464286,3,12.5000000,27,0.0000000,1),
(126,0,'KV Bananen 28x70gr',22,5,49,7330,13.9200001,1,17,13.9200001,28,7,0.4971429,3,13.9200001,27,0.0000000,1),
(127,0,'Koffie D.E. Delicate Roast 2 x 2 Liter Cafitesse',22,5,59,3447,103.5000000,2,28,51.7500000,2,6,25.8750000,2,103.5000000,27,0.0000000,1),
(128,0,'Fuze Tea Sparkling Black 24x25cl Blik',22,5,43,3744,12.3199997,1,25,12.3199997,24,7,0.5133333,3,12.3199997,27,0.0000000,1),
(129,0,'Fuze Tea Green 24x25cl Blik',22,5,43,3745,12.3199997,1,25,12.3199997,24,7,0.5133333,3,12.3199997,27,0.0000000,1),
(130,0,'Capri Sun Orange 4x10x20cl',22,5,43,3382,12.1300001,4,17,3.0325000,10,7,0.3032500,3,12.1300001,27,0.0000000,1),
(131,0,'Capri Sun Multivitamine 4x10x20cl',22,5,43,3743,14.8699999,4,17,3.7175000,10,7,0.3717500,3,14.8699999,27,0.0000000,1),
(132,0,'KV Haribo Tangfastics 28x75gr',22,5,49,7286,12.4799995,1,17,12.4799995,28,7,0.4457143,3,12.4799995,27,0.0000000,1),
(133,0,'KV Perziken 28x75gr',22,5,49,7329,12.8000002,1,17,12.8000002,28,7,0.4571429,3,12.8000002,27,0.0000000,1),
(134,0,'Spiritus per fles 1 liter Zone',22,5,54,8802,1.4400001,1,22,1.4400001,10,6,0.1440000,2,1.4400001,27,0.0000000,1),
(135,0,'Schlumberge White Secco 20cl',22,5,63,5424,2.3399999,1,22,2.3399999,20,4,0.1170000,2,2.3399999,27,0.0000000,1),
(136,0,'Hugo Scavi & Ray Hugo 20cl',22,5,63,5411,1.9000000,1,22,1.9000000,20,4,0.0950000,2,1.9000000,27,0.0000000,1),
(137,0,'Sprite Blik 24x25cl',22,5,43,3734,12.9200001,1,25,12.9200001,24,7,0.5383333,3,12.9200001,27,0.0000000,1),
(138,0,'Lipton Ice Tea Sparkling 6x150cl Tray',22,5,43,3392,19.6900005,1,25,19.6900005,6,7,3.2816668,3,19.6900005,16,0.2500000,1),
(139,0,'F.V. Melk Halfvol 12x100cl Lang Houdbaar',22,5,48,3142,11.2100000,1,17,11.2100000,12,7,0.9341667,3,11.2100000,27,0.0000000,1),
(140,0,'Glorix Geel 5 Liter',22,5,54,8848,5.9499998,1,26,5.9499998,5,6,1.1900001,2,5.9499998,27,0.0000000,1),
(141,0,'Salcuta Pinot Rose Gris Blush 75cl',22,5,63,5169,4.5000000,1,20,4.5000000,75,4,0.0600000,2,4.5000000,27,0.0000000,1),
(142,0,'Absorbit Ecolab 6x2.2Kg',22,5,54,8860,83.0999985,1,17,83.0999985,6,7,13.8500004,3,83.0999985,27,0.0000000,1),
(143,0,'Coca Cola Zero 6x100cl Krat',22,5,43,3810,9.1700001,1,25,9.1700001,6,7,1.5283333,3,9.1700001,17,0.2500000,1),
(144,0,'Ammonia Fles 1 liter Zone',22,5,54,8801,0.6100000,1,20,0.6100000,1,6,0.6100000,2,0.6100000,27,0.0000000,1),
(145,0,'Fanta Orange Pet 6x100cl Tray',22,5,43,3849,8.5000000,1,25,8.5000000,6,7,1.4166667,3,8.5000000,16,0.2500000,1),
(146,0,'Rose Aix 75cl',22,5,63,5106,10.5799999,1,20,10.5799999,75,4,0.1410667,2,10.5799999,27,0.0000000,1),
(147,0,'Suiker 1kg',22,5,58,3134,1.1500000,1,28,1.1500000,1,1,1.1500000,1,1.1500000,27,0.0000000,1),
(148,0,'Sprite Sugar Free 24x33cl Blik',22,5,43,3741,14.0299997,1,25,14.0299997,25,7,0.5612000,3,14.0299997,27,0.0000000,1),
(149,0,'Plastic Glas 20/25cl 50 stuks',22,5,51,4561,1.8000000,1,22,1.8000000,50,7,0.0360000,3,1.8000000,27,0.0000000,1),
(150,0,'Bierborstel 3 Delig',22,5,54,4500,5.6799998,1,17,5.6799998,3,7,1.8933333,3,5.6799998,27,0.0000000,1),
(151,0,'Relight Houder Lantaarn Antraciet 2x4 stuks',22,5,53,8952,0.0000000,2,17,0.0000000,4,7,0.0000000,3,0.0000000,27,0.0000000,1),
(152,0,'Relight Houder Ribbed 2x6 stuks',22,5,53,8951,0.0000000,2,17,0.0000000,6,7,0.0000000,3,0.0000000,27,0.0000000,1),
(153,0,'Relight Houder Square 2x6 stuks',22,5,53,8950,0.0000000,2,17,0.0000000,6,7,0.0000000,3,0.0000000,27,0.0000000,1),
(154,0,'Relight Navul Grijs 20 stuks',22,5,53,8953,40.4399986,1,17,40.4399986,20,7,2.0220001,3,40.4399986,27,0.0000000,1),
(155,0,'Aperol Spritz 8x3x17,5cl',22,5,46,6048,40.4399986,8,17,5.0549998,3,7,1.6849999,3,40.4399986,27,0.0000000,1),
(156,0,'Koekje Elite Chocolate Sensation 120 stuks',22,5,49,3106,15.9099998,1,17,15.9099998,120,7,0.1325833,3,15.9099998,27,0.0000000,1),
(157,0,'Chips Lays 175gr Naturel',22,5,38,7090,1.5000000,1,18,1.5000000,175,2,0.0085714,1,1.5000000,27,0.0000000,1),
(158,0,'Prosecco Treviso Brioso Frizzante 75cl',22,5,63,5412,5.6399999,1,20,5.6399999,75,4,0.0752000,2,5.6399999,27,0.0000000,1),
(159,0,'Plastic Glas Champagne 10 stuks Fluit',22,5,51,4511,2.6300001,1,17,2.6300001,10,7,0.2630000,3,2.6300001,27,0.0000000,1),
(160,0,'Schuurspons 10 stuks Gekleurd',22,5,54,8882,0.6200000,1,28,0.6200000,10,7,0.0620000,3,0.6200000,27,0.0000000,1),
(161,0,'Befresh Reinigingdoekjes 240 stuks',22,5,54,8920,13.4899998,1,28,13.4899998,240,7,0.0562083,3,13.4899998,27,0.0000000,1),
(162,0,'Elite Koekjes Delicious Assorti 120 stuks',22,5,49,3150,13.3500004,1,17,13.3500004,120,7,0.1112500,3,13.3500004,27,0.0000000,1),
(163,0,'Jopen Blurred Lines 12x33cl',22,5,35,2920,22.7800007,1,25,22.7800007,12,7,1.8983333,3,22.7800007,27,0.0000000,1),
(164,0,'Chips Lays 175gr Paprika',22,5,38,7091,1.5000000,1,18,1.5000000,1,7,1.5000000,3,1.5000000,27,0.0000000,1),
(165,0,'Leffe Blond 24x33cl',22,5,35,2749,19.9200001,1,30,19.9200001,24,7,0.8300000,3,19.9200001,15,0.1000000,1),
(166,0,'Fust Hoegaarden Rose 20 liter',22,5,35,2032,74.8300018,1,21,74.8300018,20,6,3.7414999,2,74.8300018,20,30.0000000,1),
(167,0,'Tijgernootjes Bacon Cheese 20x40gr',22,5,38,7085,13.4600000,1,17,13.4600000,20,7,0.6730000,3,13.4600000,27,0.0000000,1),
(168,0,'Rosanti Prosecco DOC Frizzante 24x20cl',22,5,63,5421,48.0000000,1,17,48.0000000,24,7,2.0000000,3,48.0000000,27,0.0000000,1),
(169,0,'Stroopwafels 18x2 stuks',22,5,49,7352,9.2700005,1,17,9.2700005,18,7,0.5150000,3,9.2700005,27,0.0000000,1),
(170,0,'Pringles 12x40gr Orginal Rood',22,5,38,7119,9.5699997,1,17,9.5699997,12,7,0.7975000,3,9.5699997,27,0.0000000,1),
(171,0,'Bits Sweet Paprika 30x33gr',22,5,38,7125,8.7100000,1,17,8.7100000,30,7,0.2903333,3,8.7100000,27,0.0000000,1),
(172,0,'Gevulde Koek Groot 30x100gr',22,5,49,7360,16.7999992,1,17,16.7999992,30,7,0.5600000,3,16.7999992,27,0.0000000,1),
(173,0,'Grenadine Siroop 1 fles 100cl Corvo',22,5,43,4200,1.9900000,1,20,1.9900000,100,4,0.0199000,2,1.9900000,27,0.0000000,1),
(174,0,'Apfelkorn Berentzen 100cl Event 14,5%',22,5,46,6001,10.1300001,1,20,10.1300001,100,4,0.1013000,2,10.1300001,27,0.0000000,1),
(175,0,'Bacardi Limon 100cl',22,5,46,6107,14.6300001,1,20,14.6300001,100,4,0.1463000,2,14.6300001,27,0.0000000,1),
(176,0,'Wodka Puschkin ice 100cl',22,5,46,6149,13.5699997,1,20,13.5699997,100,4,0.1357000,2,13.5699997,27,0.0000000,1),
(177,0,'Coca Cola 10x150cl Krat',22,5,43,3815,22.6399994,1,30,22.6399994,10,7,2.2639999,3,22.6399994,27,0.0000000,1),
(178,0,'Prosecco Rive 75cl',22,5,63,5419,5.7199998,1,20,5.7199998,75,4,0.0762667,2,5.7199998,27,0.0000000,1),
(179,0,'Prosecco Alcohol Vrij 75cl Toselli',22,5,63,5426,4.0100002,1,20,4.0100002,75,4,0.0534667,2,4.0100002,27,0.0000000,1),
(180,0,'Wodka Eristoff Wit 100cl',22,5,46,6148,13.1700001,1,20,13.1700001,100,4,0.1317000,2,13.1700001,27,0.0000000,1),
(181,0,'Malibu 100cl',22,5,46,6032,13.8699999,1,20,13.8699999,100,4,0.1387000,2,13.8699999,27,0.0000000,1),
(182,0,'Flugel Vodka 40x2cl 10% alc.',22,5,46,5954,22.8600006,1,17,22.8600006,40,7,0.5715000,3,22.8600006,27,0.0000000,1),
(183,0,'Glas Hertog Jan Voet 25cl',22,5,51,4812,1.2800000,1,22,1.2800000,1,7,1.2800000,3,1.2800000,27,0.0000000,1),
(184,0,'Glas Wijn 6x53cl Carre',22,5,51,4690,14.8599997,1,17,14.8599997,6,7,2.4766667,3,14.8599997,27,0.0000000,1),
(185,0,'Fust Hertog Jan 50 liter Pilsener',22,5,35,2045,114.8000031,1,22,114.8000031,50,6,2.2960000,2,114.8000031,27,0.0000000,1),
(186,0,'Lipton Ice Tea Sparkling 12x110cl Krat',22,5,43,3387,21.6200008,1,30,21.6200008,12,7,1.8016667,3,21.6200008,27,0.0000000,1),
(187,0,'Glas Longdrink per stuk',22,5,51,4635,0.6000000,1,22,0.6000000,1,7,0.6000000,3,0.6000000,27,0.0000000,1),
(188,0,'Theedoek 70x70cm ruit',22,5,54,8876,1.1700000,1,22,1.1700000,1,7,1.1700000,3,1.1700000,27,0.0000000,1),
(189,0,'Hertog Jan 0.0 24x30cl',22,5,35,2630,12.4399996,1,30,12.4399996,24,7,0.5183333,3,12.4399996,27,0.0000000,1),
(190,0,'Zak \'Small Bag\' met Sluitstrip emb 1 Eu',22,5,54,900036,1.0000000,1,22,1.0000000,1,7,1.0000000,3,1.0000000,27,0.0000000,1),
(191,0,'Chaudfontaine Citroen 6x50cl Light Sparkling',22,5,43,3726,3.4800000,1,25,3.4800000,6,7,0.5800000,3,3.4800000,15,0.1000000,1),
(192,0,'Chaudfontaine Frambozen Limoen 6x50cl Light Spark',22,5,43,3728,3.4800000,1,25,3.4800000,6,7,0.5800000,3,3.4800000,15,0.1000000,1),
(193,0,'Spons Viscose 144x101x28 1 stuk',22,5,54,8866,1.1300000,1,28,1.1300000,1,7,1.1300000,3,1.1300000,26,0.1500000,1),
(194,0,'Bolsius Relight navulling Wit 20 stuks',22,5,53,8956,10.1099997,1,17,10.1099997,20,7,0.5055000,3,10.1099997,26,0.1500000,1),
(195,0,'Spa Rood intense 28x25cl',22,5,43,3501,9.0900002,1,30,9.0900002,28,7,0.3246429,3,9.0900002,15,0.1000000,1),
(196,0,'Emmer Hot Mix 2.5Kg Frappant',22,5,38,7106,16.1700001,1,23,16.1700001,2500,2,0.0064680,1,16.1700001,15,0.1000000,1),
(197,0,'Allesreiniger 5ltr Fris',22,5,54,8835,4.8600001,1,22,4.8600001,5,6,0.9720000,2,4.8600001,15,0.1000000,1),
(198,0,'Baileys Original 100cl',22,5,46,6039,14.3900003,1,20,14.3900003,100,4,0.1439000,2,14.3900003,15,0.1000000,1),
(199,0,'Glas Borrel Tulp 12x5cl',22,5,51,4664,21.3299999,1,17,21.3299999,12,7,1.7775000,3,21.3299999,16,0.2500000,1),
(200,0,'Fanta Orange 6x100cl Krat',22,5,43,3850,9.3699999,1,30,9.3699999,6,7,1.5616667,3,9.3699999,16,0.2500000,1),
(201,0,'Glas Bierpul 50cl Maxim',22,5,51,4655,2.8900001,1,22,2.8900001,1,7,2.8900001,3,2.8900001,27,0.0000000,1),
(202,0,'Sourcy Blauw 12x75cl WW',22,5,43,3626,12.9399996,1,25,12.9399996,12,7,1.0783333,3,12.9399996,27,0.0000000,1),
(203,0,'Koekjes M198 300st Matterhorn',22,5,49,3118,36.2000008,1,17,36.2000008,300,7,0.1206667,3,36.2000008,27,0.0000000,1),
(204,0,'Antikal/Viacal 750ml',22,5,54,8717,2.9600000,1,22,2.9600000,750,5,0.0039467,2,2.9600000,27,0.0000000,1),
(205,0,'Beker i\'m Hot Cup 250ml 50 stuks',22,5,52,8320,1.7400000,1,22,1.7400000,50,7,0.0348000,3,1.7400000,20,30.0000000,1),
(206,0,'Afwasborstel 1 stuks',22,5,54,8886,0.5400000,1,22,0.5400000,1,7,0.5400000,3,0.5400000,27,0.0000000,1),
(207,0,'Passoa 70cl',22,5,46,6038,9.2200003,1,20,9.2200003,70,4,0.1317143,2,9.2200003,27,0.0000000,1),
(208,0,'Koekjes M86 Magic 120 stuks mars/twix',22,5,49,3152,14.9899998,1,17,14.9899998,120,7,0.1249167,3,14.9899998,27,0.0000000,1),
(209,0,'Kipnuggets 2,4Kg Buitenhuis',22,5,57,7567,25.2099991,1,17,25.2099991,2400,2,0.0105042,1,25.2099991,27,0.0000000,1),
(210,0,'KitKat Crunch 400gr Nic',22,5,49,8146,3.8299999,1,17,3.8299999,400,2,0.0095750,3,3.8299999,16,0.2500000,1),
(211,0,'M&M Crispy 24x36gr Blauw',22,5,49,7196,13.2799997,1,17,13.2799997,24,7,0.5533333,3,13.2799997,15,0.1000000,1),
(212,0,'Biodore Portiecup Bruin 25ml 250 stuks',22,5,52,8608,2.3199999,1,17,2.3199999,250,7,0.0092800,3,2.3199999,15,0.1000000,1),
(213,0,'Port Fonseca Ruby 75cl',22,5,63,5572,7.9099998,1,20,7.9099998,75,4,0.1054667,2,7.9099998,15,0.1000000,1),
(214,0,'Natrena Zoetjes 500 sachets 2 stuks',22,5,58,3139,5.3200002,1,17,5.3200002,500,7,0.0106400,3,5.3200002,27,0.0000000,1),
(215,0,'Thee PW Kamille 3x25x1.5gr',22,5,59,3461,5.9600000,3,17,1.9866667,25,7,0.0794667,3,5.9600000,27,0.0000000,1),
(216,0,'Theelepels 12 stuks',22,5,53,8890,2.0999999,1,17,2.0999999,12,7,0.1750000,3,2.0999999,27,0.0000000,1),
(217,0,'Rietjes Milkshake 500st Papier 8mm Assorti',22,5,52,8589,8.1099997,1,28,8.1099997,500,7,0.0162200,3,8.1099997,27,0.0000000,1),
(218,0,'Seven Up Free 12 x 110cl',22,5,43,4100,19.5599995,1,30,19.5599995,12,7,1.6300000,3,19.5599995,27,0.0000000,1),
(219,0,'Zak \'Mini Bag\' met Sluitstrip Emb 1 Euro',22,5,53,900035,1.0000000,1,22,1.0000000,1,7,1.0000000,3,1.0000000,27,0.0000000,1),
(220,0,'Thee PW Earl Grey 3x25x2gr met envelop',22,5,59,3427,4.7300000,3,17,1.5766667,25,7,0.0630667,3,4.7300000,15,0.1000000,1),
(221,0,'Toiletpapier 36 rol T7 Tork 472199',22,5,54,8696,70.6100006,1,17,70.6100006,36,7,1.9613889,3,70.6100006,27,0.0000000,1),
(222,0,'Tork 520501 S4 Mild Foam Soap 6x1 Liter',22,5,54,8740,71.3899994,1,17,71.3899994,6,7,11.8983335,3,71.3899994,27,0.0000000,1),
(223,0,'Handdoek Wit H5 12x410st 100585',22,5,54,8746,60.4099998,1,17,60.4099998,12,7,5.0341668,3,60.4099998,27,0.0000000,1),
(224,0,'Fust Karmeliet Tripel 20 Liter',22,5,35,2363,86.1399994,1,21,86.1399994,20,6,4.3070002,2,86.1399994,27,0.0000000,1),
(225,0,'Koekjes M90 Temptation 300st mars/twix',22,5,49,3113,32.5800018,1,17,32.5800018,300,7,0.1086000,3,32.5800018,27,0.0000000,1),
(226,0,'Chocomel Nutricia 24x20cl',22,5,43,3300,14.4700003,1,30,14.4700003,24,7,0.6029167,3,14.4700003,27,0.0000000,1),
(227,0,'Fristi 24x20cl',22,5,43,3360,14.4899998,1,30,14.4899998,24,7,0.6037500,3,14.4899998,27,0.0000000,1),
(228,0,'Red Bull 24x25cl Blik',22,5,43,3388,24.8400002,1,25,24.8400002,24,7,1.0350000,3,24.8400002,27,0.0000000,1),
(229,0,'Koffie D.E. Intense Roast 2x2 Ltr',22,5,59,3492,111.4700012,2,28,55.7350006,2,6,27.8675003,2,111.4700012,27,0.0000000,1),
(230,0,'Skittles Rood 16x45gr',22,5,49,7274,8.4200001,1,17,8.4200001,16,7,0.5262500,3,8.4200001,27,0.0000000,1),
(231,0,'Glorix Geel 750ml Original',22,5,54,8851,1.4900000,1,22,1.4900000,750,5,0.0019867,2,1.4900000,27,0.0000000,1),
(232,0,'Fanta Orange Blik 24x25cl',22,5,43,3738,12.7900000,1,25,12.7900000,24,7,0.5329167,3,12.7900000,15,0.1000000,1),
(233,0,'Ben&Jerry Fudge Brownie 12x100ml',22,5,61,4849,18.3500004,1,25,18.3500004,12,7,1.5291667,3,18.3500004,27,0.0000000,1),
(234,0,'Festini Peer 45x50ml',22,5,61,4878,15.8699999,1,17,15.8699999,45,7,0.3526667,3,15.8699999,27,0.0000000,1),
(235,0,'Doritos Nacho Cheese 20x44gr',22,5,38,7104,9.4899998,1,17,9.4899998,20,7,0.4745000,3,9.4899998,27,0.0000000,1),
(236,0,'Lay\'s Chips Wokkels Paprika 24x30gr',22,5,38,7105,11.2900000,1,17,11.2900000,24,7,0.4704167,3,11.2900000,17,0.2500000,1),
(237,0,'Doritos Sweet Chili Pepper 20x44gr',22,5,38,7124,9.4899998,1,17,9.4899998,20,7,0.4745000,3,9.4899998,15,0.1000000,1),
(238,0,'Chips Nibbit 30x22gr',22,5,38,7130,9.1800003,1,17,9.1800003,30,7,0.3060000,3,9.1800003,27,0.0000000,1),
(239,0,'Chaudfontaine Blauw 24x50cl met statiegeld',22,5,43,3724,11.2299995,1,30,11.2299995,24,7,0.4679167,3,11.2299995,27,0.0000000,1),
(240,0,'Coca Cola Blik 24x25cl',22,5,43,3735,12.7900000,1,25,12.7900000,24,7,0.5329167,3,12.7900000,27,0.0000000,1),
(241,0,'Coca Cola Zero Blik 24x25cl',22,5,43,3737,12.7900000,1,25,12.7900000,24,7,0.5329167,3,12.7900000,27,0.0000000,1),
(242,0,'Aquarius Lemon 24x33cl met statiegeld',22,5,43,3775,21.0799999,1,25,21.0799999,24,7,0.8783333,3,21.0799999,27,0.0000000,1),
(243,0,'Siroop Framboos 5 liter',22,5,43,4213,8.5600004,1,26,8.5600004,5,6,1.7120000,2,8.5600004,27,0.0000000,1),
(244,0,'Ben&Jerry Cookie Dough 12x100ml',22,5,61,4848,15.7200003,1,25,15.7200003,12,7,1.3099999,3,15.7200003,27,0.0000000,1),
(245,0,'Handschoen Nitrile M 100st',22,5,54,8902,12.8800001,1,17,12.8800001,100,7,0.1288000,3,12.8800001,17,0.2500000,1),
(246,0,'Handschoen Nitrile L 100st',22,5,54,8904,13.5600004,1,17,13.5600004,100,7,0.1356000,3,13.5600004,27,0.0000000,1),
(247,0,'Skittles Crazy Sours 16x45gr',22,5,49,7264,8.4200001,1,17,8.4200001,16,7,0.5262500,3,8.4200001,27,0.0000000,1),
(248,0,'Koffieroom D.E. 240x7.5gr 5908 Melkcups',22,5,59,3148,12.8100004,1,17,12.8100004,240,7,0.0533750,3,12.8100004,27,0.0000000,1),
(249,0,'Suikersticks DE 500x4gr',22,5,59,3149,7.7500000,1,17,7.7500000,500,7,0.0155000,3,7.7500000,27,0.0000000,1),
(250,0,'Lay\'s Chips Naturel 20x40gr',22,5,38,7110,10.1099997,1,17,10.1099997,20,7,0.5055000,3,10.1099997,27,0.0000000,1),
(251,0,'Lay s Chips Paprika 20x40gr',22,5,38,7111,10.1099997,1,17,10.1099997,20,7,0.5055000,3,10.1099997,27,0.0000000,1),
(252,0,'Maoam Mao Mix 28x70gr',22,5,49,7249,13.0400000,1,17,13.0400000,28,7,0.4657143,3,13.0400000,27,0.0000000,1),
(253,0,'KV Haribo Kindermix 28x75gr',22,5,49,7331,13.0400000,1,17,13.0400000,28,7,0.4657143,3,13.0400000,27,0.0000000,1),
(254,0,'Muscle Lemon Keukenreiniger 1 x 500ml',22,5,54,8883,2.4700000,1,22,2.4700000,500,5,0.0049400,2,2.4700000,27,0.0000000,1),
(255,0,'Hertog Jan Pilsener 24x30cl',22,5,35,2600,12.9399996,1,30,12.9399996,24,7,0.5391667,3,12.9399996,27,0.0000000,1),
(256,0,'Chaudfontaine Rood 24x50cl met statiegeld',22,5,43,3723,12.7399998,1,25,12.7399998,24,7,0.5308333,3,12.7399998,27,0.0000000,1),
(257,0,'Monteclain Rose 75cl',22,5,63,5082,3.9600000,1,20,3.9600000,75,4,0.0528000,2,3.9600000,27,0.0000000,1),
(258,0,'Desperados 24x33cl',22,5,35,2940,25.0400009,1,17,25.0400009,24,7,1.0433333,3,25.0400009,27,0.0000000,1),
(259,0,'Honing Sticks 100x8gr van Oord',22,5,58,3135,14.0699997,1,17,14.0699997,100,7,0.1407000,3,14.0699997,27,0.0000000,1),
(260,0,'Thee PW TMS Engl Breakf 4x25x1,5gr',22,5,59,3213,15.2700005,4,17,3.8175001,25,7,0.1527000,3,15.2700005,27,0.0000000,1),
(261,0,'Thee PW TMS Rooibos Vanille 4x25x1,5gr',22,5,59,3215,15.2700005,4,17,3.8175001,25,7,0.1527000,3,15.2700005,27,0.0000000,1),
(262,0,'Torres Verdeo Rueda wit 75cl',22,5,63,5158,5.9400001,1,20,5.9400001,75,4,0.0792000,2,5.9400001,27,0.0000000,1),
(263,0,'Santa Digna Torres Sauvignon Blanc 75cl',22,5,63,5211,6.3899999,1,20,6.3899999,75,4,0.0852000,2,6.3899999,27,0.0000000,1),
(264,0,'Gluhwein 100cl',22,5,63,5541,2.2300000,1,20,2.2300000,100,4,0.0223000,2,2.2300000,27,0.0000000,1),
(265,0,'Fles bier Speciaal',22,5,35,9583,1.5000000,1,20,1.5000000,1,7,1.5000000,3,1.5000000,27,0.0000000,1),
(266,0,'Zak \'Big Bag\' met Sluitstrip Emb 1 Euro',22,5,53,900034,1.0000000,1,17,1.0000000,1,7,1.0000000,3,1.0000000,27,0.0000000,1),
(267,0,'Coca Cola Zero 12x125cl Tray',22,5,43,3805,26.5699997,1,25,26.5699997,12,7,2.2141666,3,26.5699997,16,0.2500000,1),
(268,0,'Ben&Jerry Caramel Chew Chew 12x100ml',22,5,61,4846,15.7600002,1,25,15.7600002,12,7,1.3133333,3,15.7600002,27,0.0000000,1),
(269,0,'Afvalzak T60 LDPE Blauw 80x110cm 1 rol',22,5,54,8737,2.7200000,1,18,2.7200000,1,7,2.7200000,3,2.7200000,27,0.0000000,1),
(270,0,'Glazen horeca flesjes',22,5,66,NULL,0.1000000,1,22,0.1000000,1,7,0.1000000,3,0.1000000,15,0.1000000,1),
(271,0,'Petflessen van 0,75L of 1 / 1,5L',22,5,66,NULL,0.2500000,1,22,0.2500000,1,7,0.2500000,3,0.2500000,16,0.2500000,1),
(272,0,'Glazenflessen van 0,75L of 1 / 1,5L',22,5,66,NULL,0.2500000,1,22,0.2500000,1,7,0.2500000,3,0.2500000,17,0.2500000,1),
(273,0,'Rolcontainer',22,5,66,NULL,100.0000000,1,22,100.0000000,1,7,100.0000000,3,100.0000000,18,100.0000000,1),
(274,0,'Koolzuurflessen',22,5,66,NULL,120.0000000,1,22,120.0000000,1,7,120.0000000,3,120.0000000,19,120.0000000,1),
(275,0,'Fusten',22,5,66,NULL,30.0000000,1,22,30.0000000,1,7,30.0000000,3,30.0000000,20,30.0000000,1),
(276,0,'Omhulsels / kratjes bier',22,5,66,NULL,1.5000000,1,22,1.5000000,1,7,1.5000000,3,1.5000000,21,1.5000000,1),
(277,0,'Omhulsels / kratjes cola',22,5,66,NULL,2.5999999,1,22,2.5999999,1,7,2.5999999,3,2.5999999,22,2.5999999,1),
(278,0,'Omhulsels / kratjes vrumona',22,5,66,NULL,2.2000000,1,22,2.2000000,1,7,2.2000000,3,2.2000000,23,2.2000000,1),
(279,0,'Omhulsels / krat chaudfonthine',22,5,66,NULL,2.0000000,1,22,2.0000000,1,7,2.0000000,3,2.0000000,24,2.0000000,1),
(280,0,'Omhulsels / krat cola',22,5,66,NULL,2.5000000,1,22,2.5000000,1,7,2.5000000,3,2.5000000,25,2.5000000,1),
(281,0,'Petflesjes 0,5 L',22,5,66,NULL,0.1500000,1,22,0.1500000,1,7,0.1500000,3,0.1500000,26,0.1500000,1),
(282,0,'Jonge Jenever Ketel I 100cl',22,5,46,5720,12.4700003,1,20,12.4700003,1000,5,0.0124700,2,NULL,27,0.0000000,1),
(283,0,'Padelracket oranje',35,7,67,623966,NULL,1,22,0.0000000,1,7,0.0000000,2,NULL,27,0.0000000,1),
(284,0,'Padelracket groen',35,7,67,623964,NULL,1,22,0.0000000,1,7,0.0000000,2,NULL,27,0.0000000,1),
(285,0,'Dunlop squasballen',35,7,53,NULL,24.6499996,NULL,22,24.6499996,NULL,7,0.0000000,3,NULL,27,0.0000000,1),
(286,0,'Tennisballen ',35,7,53,NULL,4.1500001,NULL,22,4.1500001,NULL,7,0.0000000,3,NULL,27,0.0000000,1),
(287,0,'Padelballen ',35,7,53,NULL,3.0000000,NULL,22,3.0000000,NULL,7,0.0000000,3,NULL,27,0.0000000,1),
(288,0,'Gripjes ',35,7,53,NULL,10.0000000,NULL,22,10.0000000,NULL,7,0.0000000,3,NULL,27,0.0000000,1),
(289,0,'DS Racket Ebony 38DS ',35,7,53,NULL,21.0000000,NULL,22,21.0000000,NULL,7,0.0000000,3,NULL,27,0.0000000,1),
(290,0,'DS Racket comic 33DS ',35,7,53,NULL,24.5000000,NULL,22,24.5000000,NULL,7,0.0000000,3,NULL,27,0.0000000,1),
(291,0,'Squashracket Titanium 4.0 ',35,7,53,NULL,74.9899979,NULL,22,74.9899979,NULL,7,0.0000000,3,NULL,27,0.0000000,1),
(292,0,'Squashracket Blackstorm 4.0 ',35,7,53,NULL,47.9500008,NULL,22,47.9500008,NULL,7,0.0000000,3,NULL,27,0.0000000,1),
(293,0,'Squashracket Carbon 4.0 ',35,7,53,NULL,61.9500008,NULL,22,61.9500008,NULL,7,0.0000000,3,NULL,27,0.0000000,1),
(294,0,'V-kophaas gevl',20,6,62,38352,7.9889998,1,18,7.9889998,1000,2,0.0079890,1,7.9889998,27,0.0000000,1),
(295,0,'Ger. Zalmzijde getr.',20,6,65,35553,17.8999996,1,18,17.8999996,1000,2,0.0179000,1,17.8999996,27,0.0000000,1),
(296,0,'Pizzabodem met saus',20,6,37,639200,12.4960003,1,17,12.4960003,12,7,1.0413333,3,12.4960003,27,0.0000000,1),
(297,0,'Kaas zontomaat bro',20,6,47,37377,11.4490004,1,22,11.4490004,1000,2,0.0114490,1,11.4490004,27,0.0000000,1),
(298,0,'Spekreepjes*',20,6,62,75210,11.4930000,1,27,11.4930000,1000,2,0.0114930,1,11.4930000,27,0.0000000,1),
(299,0,'Achterham ger. Halfr',20,6,62,129095,7.6770000,1,22,7.6770000,1000,2,0.0076770,1,7.6770000,27,0.0000000,1),
(300,0,'Demi glace 1:3',20,6,41,923294,20.9330006,1,27,20.9330006,1500,2,0.0139553,1,20.9330006,27,0.0000000,1),
(301,0,'R-gehakt v2',20,6,62,77162,7.2500000,1,27,7.2500000,1000,2,0.0072500,1,7.2500000,27,0.0000000,1),
(302,0,'Coburger heel z/zwoe',20,6,62,851509,18.9500008,1,28,18.9500008,1000,2,0.0189500,1,18.9500008,27,0.0000000,1),
(303,0,'Gehaktbal hoh amb.',20,6,62,620850,20.8230000,1,17,20.8230000,30,7,0.6941000,3,20.8230000,27,0.0000000,1),
(304,0,'Roombrie rechthoek',20,6,48,120355,8.5909996,1,22,8.5909996,1000,2,0.0085910,1,8.5909996,27,0.0000000,1),
(305,0,'Muffin red velvet',20,6,45,1219,11.7220001,1,17,11.7220001,36,7,0.3256111,3,11.7220001,27,0.0000000,1),
(306,0,'Imkergold honing',20,6,58,72067,11.6269999,1,20,11.6269999,1500,5,0.0077513,2,11.6269999,27,0.0000000,1),
(307,0,'Kipfilet amb. Ger.',20,6,62,86458,11.3160000,1,22,11.3160000,1000,2,0.0113160,1,11.3160000,27,0.0000000,1),
(308,0,'Achterham ger. Half',20,6,62,14060,7.8810000,1,22,7.8810000,1000,2,0.0078810,1,7.8810000,27,0.0000000,1),
(309,0,'Salade bowl 1200ml',20,6,52,117544,16.0540009,1,25,16.0540009,40,7,0.4013500,3,16.0540009,27,0.0000000,1),
(310,0,'R-soepbal geg',20,6,62,669150,13.9300003,1,17,13.9300003,2000,2,0.0069650,1,13.9300003,27,0.0000000,1),
(311,0,'Kraft pizza doos',20,6,52,119291,30.4969997,1,25,30.4969997,100,7,0.3049700,3,30.4969997,27,0.0000000,1),
(312,0,'Deksel v. Saladebowl',20,6,52,117543,14.6580000,1,25,14.6580000,50,7,0.2931600,3,14.6580000,27,0.0000000,1),
(313,0,'Glace de veau kalf',20,6,41,92294,14.2500000,1,23,14.2500000,1000,5,0.0142500,2,14.2500000,27,0.0000000,1),
(314,0,'Gepelde walnoten',20,6,38,52954,14.1719999,1,27,14.1719999,900,2,0.0157467,1,14.1719999,27,0.0000000,1),
(315,0,'Angus burger',20,6,62,104534,27.8999996,1,17,27.8999996,20,7,1.3950000,3,27.8999996,27,0.0000000,1),
(316,0,'Kraft pizza doos',20,6,52,119290,27.8169994,1,25,27.8169994,100,7,0.2781700,3,27.8169994,27,0.0000000,1),
(317,0,'Ov.broodje bruin gvr',20,6,37,43869,26.8290005,1,17,26.8290005,20,7,1.3414500,3,26.8290005,27,0.0000000,1),
(318,0,'Fuet naturel',20,6,62,109278,2.0150001,1,22,2.0150001,150,2,0.0134333,1,2.0150001,27,0.0000000,1),
(319,0,'Knoflookpuree extr.k',20,6,50,972485,8.6499996,1,23,8.6499996,1000,2,0.0086500,1,8.6499996,27,0.0000000,1),
(320,0,'Pikant mini balletje',20,6,62,115966,12.9530001,1,17,12.9530001,100,7,0.1295300,3,12.9530001,27,0.0000000,1),
(321,0,'Bonk rustico donker',20,6,37,612430,12.4099998,1,17,12.4099998,30,7,0.4136667,3,12.4099998,27,0.0000000,1),
(322,0,'Bakpapier wit 50cm',20,6,52,34327,23.6079998,1,29,23.6079998,200,8,0.1180400,4,23.6079998,27,0.0000000,1),
(323,0,'Bonk rustico',20,6,37,640240,11.6879997,1,17,11.6879997,30,7,0.3896000,3,11.6879997,27,0.0000000,1),
(324,0,'Pesto groen',20,6,50,2004,11.4080000,1,23,11.4080000,1000,2,0.0114080,1,11.4080000,27,0.0000000,1),
(325,0,'Ambacht.bol wit gesn',20,6,37,671940,5.5660000,1,17,5.5660000,32,7,0.1739375,3,5.5660000,27,0.0000000,1),
(326,0,'Menubak m.deksel 2v',20,6,52,122102,10.9499998,1,18,10.9499998,100,7,0.1095000,3,10.9499998,27,0.0000000,1),
(327,0,'Slag.achterh.tunnel',20,6,62,916541,10.6059999,1,22,10.6059999,1000,2,0.0106060,1,10.6059999,27,0.0000000,1),
(328,0,'Kroepoek cassave ong',20,6,36,79385,4.1389999,1,18,4.1389999,1000,2,0.0041390,1,4.1389999,27,0.0000000,1),
(329,0,'Knorr 1-2-3 vleesb.',20,6,50,87438,20.4139996,1,19,20.4139996,1000,2,0.0204140,1,20.4139996,27,0.0000000,1),
(330,0,'Sausb. Pap. Wit 60ml',20,6,52,99125,4.0180001,1,25,4.0180001,250,7,0.0160720,3,4.0180001,27,0.0000000,1),
(331,0,'Sinaasappelsap',20,6,43,879305,4.9299998,1,20,4.9299998,2000,5,0.0024650,2,4.9299998,27,0.0000000,1),
(332,0,'Dispenser met zaagbl',20,6,53,71785,19.6000004,1,22,19.6000004,1,7,19.6000004,3,19.6000004,27,0.0000000,1),
(333,0,'Tomaten half gedr.',20,6,47,11850,9.7100000,1,27,9.7100000,1000,2,0.0097100,1,9.7100000,27,0.0000000,1),
(334,0,'Paprikapoeder',20,6,50,282400,19.1730003,1,27,19.1730003,1000,2,0.0191730,1,19.1730003,27,0.0000000,1),
(335,0,'Kroepoek udang',20,6,36,114724,17.6940002,1,17,17.6940002,2000,2,0.0088470,1,17.6940002,27,0.0000000,1),
(336,0,'Koksbrander',20,6,53,81352,16.7999992,1,22,16.7999992,1,7,16.7999992,3,16.7999992,27,0.0000000,1),
(337,0,'Spuitzak green 53x28',20,6,53,127094,16.0189991,1,29,16.0189991,100,7,0.1601900,3,16.0189991,27,0.0000000,1),
(338,0,'Bourguignonne kruide',20,6,50,397600,7.8540001,1,19,7.8540001,500,2,0.0157080,1,7.8540001,27,0.0000000,1),
(339,0,'Peper wit heel',20,6,50,412490,15.0489998,1,19,15.0489998,500,2,0.0300980,1,15.0489998,27,0.0000000,1),
(340,0,'Blanke roux',20,6,36,114755,7.5170002,1,19,7.5170002,1000,2,0.0075170,1,7.5170002,27,0.0000000,1),
(341,0,'Tomaten gepeld',20,6,39,57573,2.8080001,1,16,2.8080001,3000,2,0.0009360,1,2.8080001,27,0.0000000,1),
(342,0,'Rijst parboiled',20,6,36,55352,6.9320002,1,18,6.9320002,5000,2,0.0013864,1,6.9320002,27,0.0000000,1),
(343,0,'Stokbrood bruin 56cm',20,6,37,614300,12.9499998,1,17,12.9499998,16,7,0.8093750,3,12.9499998,27,0.0000000,1),
(344,0,'Bakpapier 38cmwm4500',20,6,53,818190,6.0790000,1,29,6.0790000,50,8,0.1215800,4,6.0790000,27,0.0000000,1),
(345,0,'Sausbakje pap. 60ml',20,6,52,99123,4.0180001,1,25,4.0180001,250,7,0.0160720,3,4.0180001,27,0.0000000,1),
(346,0,'Afslagrol trs.30x24',20,6,53,825881,5.8579998,2,29,2.9289999,20,8,0.1464500,4,5.8579998,27,0.0000000,1),
(347,0,'Tapen.truffel zomer.',20,6,39,407750,10.7930002,1,19,10.7930002,500,2,0.0215860,1,10.7930002,27,0.0000000,1),
(348,0,'Zonnebloemolie',20,6,55,51737,5.3049998,1,20,5.3049998,3000,5,0.0017683,2,5.3049998,27,0.0000000,1),
(349,0,'Filet americain',20,6,62,640510,5.1100001,1,27,5.1100001,500,2,0.0102200,1,5.1100001,27,0.0000000,1),
(350,0,'Zaden & pittenmix',20,6,38,62087,10.1619997,1,18,10.1619997,1000,2,0.0101620,1,10.1619997,27,0.0000000,1),
(351,0,'Chilisaus',20,6,41,296340,4.8369999,1,20,4.8369999,1250,2,0.0038696,1,4.8369999,27,0.0000000,1),
(352,0,'Tapenade zwart',20,6,39,2012,9.5209999,1,23,9.5209999,1000,2,0.0095210,1,9.5209999,27,0.0000000,1),
(353,0,'Callets wit',20,6,49,68318,9.4429998,1,18,9.4429998,1000,2,0.0094430,1,9.4429998,27,0.0000000,1),
(354,0,'Chips paprika',20,6,38,10369,1.1670001,1,18,1.1670001,175,2,0.0066686,1,1.1670001,27,0.0000000,1),
(355,0,'Gasbus',20,6,53,86723,7.1890001,4,22,1.7972500,277,2,0.0064883,1,7.1890001,27,0.0000000,1),
(356,0,'Grillworst* naturel',20,6,62,87338,7.9879999,2,22,3.9940000,500,2,0.0079880,1,7.9879999,27,0.0000000,1),
(357,0,'Penne rigate',20,6,36,71795,7.1520000,1,18,7.1520000,5000,2,0.0014304,1,7.1520000,27,0.0000000,1),
(358,0,'Olijfolie tradition.',20,6,55,38693,7.0019999,1,20,7.0019999,1000,5,0.0070020,2,7.0019999,27,0.0000000,1),
(359,0,'Zout',20,6,50,299050,6.9800000,12,28,0.5816667,1000,2,0.0005817,1,6.9800000,27,0.0000000,1),
(360,0,'Deks.soepbker  kraft',20,6,52,117713,6.3620000,1,25,6.3620000,50,7,0.1272400,3,6.3620000,27,0.0000000,1),
(361,0,'Amb.bol bruin gesn',20,6,37,614900,5.5660000,1,17,5.5660000,32,7,0.1739375,3,5.5660000,27,0.0000000,1),
(362,0,'Kookroom 20% vet',20,6,48,118865,2.7639999,1,20,2.7639999,1000,5,0.0027640,2,2.7639999,27,0.0000000,1),
(363,0,'Komijnzaad gm',20,6,50,303390,5.5279999,1,19,5.5279999,410,2,0.0134829,1,5.5279999,27,0.0000000,1),
(364,0,'Soepb kraf 250ml fsc',20,6,62,120887,5.3530002,1,25,5.3530002,50,7,0.1070600,3,5.3530002,27,0.0000000,1),
(365,0,'Natuurazijn blank',20,6,64,56237,5.0460000,1,26,5.0460000,10000,5,0.0005046,2,5.0460000,27,0.0000000,1),
(366,0,'Tomatenpuree ztvz',20,6,39,116896,2.5000000,1,16,2.5000000,800,2,0.0031250,1,2.5000000,27,0.0000000,1),
(367,0,'Koriander/ketoemb.gm',20,6,50,124590,4.5630002,1,19,4.5630002,300,2,0.0152100,1,4.5630002,27,0.0000000,1),
(368,0,'Ma m.schrijf verwyd.',20,6,53,30775,4.3730001,1,29,4.3730001,1000,7,0.0043730,3,4.3730001,27,0.0000000,1),
(369,0,'Di m.schrijf verwyd.',20,6,53,30787,4.3730001,1,29,4.3730001,1000,7,0.0043730,3,4.3730001,27,0.0000000,1),
(370,0,'Wo m.schrijf verwyd.',20,6,53,30794,4.3730001,1,29,4.3730001,1000,7,0.0043730,3,4.3730001,27,0.0000000,1),
(371,0,'Do m.schrijf verwyd.',20,6,53,30799,4.3730001,1,29,4.3730001,1000,7,0.0043730,3,4.3730001,27,0.0000000,1),
(372,0,'Vr m.schrijf verwyd.',20,6,53,30803,4.3730001,1,29,4.3730001,1000,7,0.0043730,3,4.3730001,27,0.0000000,1),
(373,0,'Za m.schrijf verwyd.',20,6,53,30810,4.3730001,1,29,4.3730001,1000,7,0.0043730,3,4.3730001,27,0.0000000,1),
(374,0,'Zo m.schrijf verwyd.',20,6,53,30814,4.3730001,1,29,4.3730001,1000,7,0.0043730,3,4.3730001,27,0.0000000,1),
(375,0,'Sausb. Pap. It 29ml',20,6,52,99128,1.9550000,1,25,1.9550000,250,7,0.0078200,3,1.9550000,27,0.0000000,1),
(376,0,'Serveertang rvs afge',20,6,53,22696,3.6619999,1,22,3.6619999,1,7,3.6619999,3,3.6619999,27,0.0000000,1),
(377,0,'Tsingtao mini loempi',20,6,57,612840,3.8640001,1,17,3.8640001,60,7,0.0644000,3,3.8640001,27,0.0000000,1),
(378,0,'Vissaus thais',20,6,41,20314,3.0469999,1,20,3.0469999,725,5,0.0042028,2,3.0469999,27,0.0000000,1),
(379,0,'Glaze balsamico',20,6,41,115508,2.1670001,1,20,2.1670001,250,5,0.0086680,2,2.1670001,27,0.0000000,1),
(380,0,'ijsfontein doosje 36 st',20,6,53,78222,17.7299995,1,17,17.7299995,36,7,0.4925000,3,NULL,27,0.0000000,1),
(381,0,'Hummus zongedroogde tomaat bak 1,5 kg',20,6,47,42854,10.2500000,1,27,10.2500000,1500,2,0.0068333,1,NULL,27,0.0000000,1),
(382,0,'kalfsmuis gegaard vitello stuk',20,6,62,45369,21.8999996,1,22,21.8999996,1000,2,0.0219000,1,NULL,27,0.0000000,1),
(383,0,'slagroom soesjes 150 st a 13 gr doos 2 kg',20,6,45,67039,14.6499996,1,17,14.6499996,150,7,0.0976667,3,NULL,27,0.0000000,1),
(384,0,'Melk halfvol UHT 1,5 met schoefdop',20,6,48,117788,11.4499998,1,25,11.4499998,12,6,0.9541667,2,NULL,27,0.0000000,1),
(385,0,'vloeibaar eiwit pak 1 liter',20,6,48,105628,3.3499999,1,28,3.3499999,1000,5,0.0033500,2,NULL,27,0.0000000,1),
(386,0,'vloeibaar eigeel pak 1 liter',20,6,48,105631,7.7100000,1,28,7.7100000,1000,5,0.0077100,2,NULL,27,0.0000000,1),
(387,0,'slagroom met suiker fles 2 liter',20,6,48,88455,9.3199997,1,20,9.3199997,2000,5,0.0046600,2,NULL,27,0.0000000,1),
(388,0,'jordy\'s keuekn rendang daging 1/2 gn bak 2 kg',20,6,62,94190,30.7500000,1,27,30.7500000,2000,2,0.0153750,1,NULL,27,0.0000000,1),
(389,0,'kaasstengels 100 gr per pak doos 10 st',20,6,37,480650,13.0699997,10,17,1.3070000,100,2,0.0130700,1,NULL,27,0.0000000,1),
(390,0,'grissini conti 3 cm doos 4 kg',20,6,37,291090,20.0900002,1,17,20.0900002,4000,2,0.0050225,1,NULL,27,0.0000000,1),
(391,0,'oldewald broodje wit glutenvrij 90 gr doos 20 st',20,6,37,36179,20.7700005,1,17,20.7700005,20,7,1.0385000,3,NULL,27,0.0000000,1),
(392,0,'olijven groen naturel bak 1 kg',20,6,47,53182,6.5999999,1,27,6.5999999,1000,2,0.0066000,1,NULL,27,0.0000000,1),
(393,0,'grove mosterd',20,6,39,301310,3.1900001,1,19,3.1900001,820,2,0.0038902,1,NULL,27,0.0000000,1),
(394,0,'visfond opbrengst 32 liter',20,6,39,31150,15.9700003,1,20,15.9700003,1000,5,0.0159700,2,NULL,27,0.0000000,1),
(395,0,'worcestersaus fles 568 ml',20,6,39,294970,6.6900001,1,20,6.6900001,568,5,0.0117782,2,NULL,27,0.0000000,1),
(396,0,'bakpoeder bus dr oetker 1 kg',20,6,50,12740,7.7700000,1,19,7.7700000,1000,2,0.0077700,1,NULL,27,0.0000000,1),
(397,0,'kipkruiden apollo bus 400 gr',20,6,50,398930,7.3099999,1,19,7.3099999,400,2,0.0182750,1,NULL,27,0.0000000,1),
(398,0,'basilicum vriedroog verst bus 45 gr',20,6,50,283930,20.5400009,1,19,20.5400009,45,2,0.4564444,1,NULL,27,0.0000000,1),
(399,0,'cajun kruiden mix verst. Bus 900 gr',20,6,50,283890,13.5100002,1,19,13.5100002,900,2,0.0150111,1,NULL,27,0.0000000,1),
(400,0,'zeezoout grof',20,6,50,85942,0.5800000,1,28,0.5800000,1000,2,0.0005800,1,NULL,27,0.0000000,1),
(401,0,'citroensap fles 1 liter',20,6,41,60275,1.9900000,1,20,1.9900000,1000,5,0.0019900,2,NULL,27,0.0000000,1),
(402,0,'sambal oelek pot 725 gr',20,6,50,293370,2.5899999,1,19,2.5899999,725,2,0.0035724,1,NULL,27,0.0000000,1),
(403,0,'tabasco fles 60 ml',20,6,50,296700,2.6199999,1,20,2.6199999,60,5,0.0436667,2,NULL,27,0.0000000,1),
(404,0,'martino saus de vleandere 1 liter',20,6,41,79392,4.3600001,1,20,4.3600001,1000,5,0.0043600,2,NULL,27,0.0000000,1),
(405,0,'dubbel donker casino',36,6,37,NULL,2.5599999,1,22,2.5599999,1,7,2.5599999,3,NULL,27,0.0000000,1),
(406,0,'casino mais',36,6,37,NULL,2.9200001,1,22,2.9200001,1,7,2.9200001,3,NULL,27,0.0000000,1),
(407,0,'bruine broodjes los',36,6,37,NULL,0.4100000,1,22,0.4100000,1,7,0.4100000,3,NULL,27,0.0000000,1),
(408,0,'witte puntjes los',36,6,37,NULL,0.4400000,1,22,0.4400000,1,7,0.4400000,3,NULL,27,0.0000000,1),
(409,0,'nogatine niet afgewerkt',36,6,45,NULL,2.3000000,1,22,2.3000000,1,7,2.3000000,3,NULL,27,0.0000000,1),
(410,0,'choclade bol',36,6,45,NULL,2.4300001,1,22,2.4300001,1,7,2.4300001,3,NULL,27,0.0000000,1),
(411,0,'rozijnen bol los',36,6,37,NULL,0.4500000,NULL,22,0.4500000,1,7,0.4500000,3,NULL,27,0.0000000,1),
(412,0,'speculaas roomijs met hazelnoot cookie',37,6,40,2024,19.6100006,1,27,19.6100006,5,6,3.9219999,2,NULL,27,0.0000000,1),
(413,0,'mini bav gebakjes',37,6,40,NULL,0.6900000,1,22,0.6900000,1,7,0.6900000,3,NULL,27,0.0000000,1),
(414,0,'mini muffin',37,6,40,NULL,0.4800000,1,22,0.4800000,1,7,0.4800000,3,NULL,27,0.0000000,1),
(415,0,'Gourmet Volwassene',24,6,62,NULL,4.8000002,1,22,4.8000002,1,7,4.8000002,3,4.8000002,27,0.0000000,1),
(416,0,'Gourmet Kind',24,6,62,NULL,2.4000001,1,22,2.4000001,1,7,2.4000001,3,2.4000001,27,0.0000000,1),
(417,0,'Gourmet gv/zv Volw',24,6,62,NULL,5.5999999,1,22,5.5999999,1,7,5.5999999,3,5.5999999,27,0.0000000,1),
(418,0,'Gourmet Vega',24,6,62,NULL,5.5999999,1,22,5.5999999,1,7,5.5999999,3,5.5999999,27,0.0000000,1),
(419,0,'Gourmet alleen kip',24,6,62,NULL,4.8000002,1,22,4.8000002,1,7,4.8000002,3,4.8000002,27,0.0000000,1),
(420,0,'Gourmet gv/zv Kind',24,6,62,NULL,2.8000000,1,22,2.8000000,1,7,2.8000000,3,2.8000000,27,0.0000000,1),
(421,0,'Ananasschijven 6x750 ml Blik',22,6,39,7887,6.9400001,6,20,1.1566668,10,8,0.0001157,4,6.9400001,27,0.0000000,1),
(422,0,'Atjar NVR 2650ml',22,6,64,7731,3.6700001,1,19,3.6700001,1,7,2.7185185,3,3.6700001,27,0.0000000,1),
(423,0,'Biodore Portiecup Bruin 25ml 250 stuks',22,6,52,8608,2.3199999,1,18,2.3199999,250,7,0.0092800,3,2.3199999,27,0.0000000,1),
(424,0,'Biodore Portiecup Bruin 35ml 250 stuks',22,6,52,8621,2.8000000,1,17,2.8000000,250,7,0.0112000,3,2.8000000,27,0.0000000,1),
(425,0,'Bitterbal Bourgondisch 48x35gr AVG',22,6,57,7964,15.7900000,1,17,15.7900000,48,7,0.3289583,3,15.7900000,27,0.0000000,1),
(426,0,'Bitterbal Frappant 20% 100x20gr',22,6,57,7662,7.8000002,1,17,7.8000002,100,7,0.0780000,3,7.8000002,27,0.0000000,1),
(427,0,'Borrelmaatjes Geloven 72x30gr',22,6,57,7941,19.2299995,1,17,19.2299995,72,7,0.2670833,3,19.2299995,27,0.0000000,1),
(428,0,'Brander Mayonaise Oliehoorn 2,5 Liter',22,6,41,7737,8.9499998,1,23,8.9499998,2500,5,0.0035800,2,8.9499998,27,0.0000000,1),
(429,0,'Caprizzio ijs 12 stuks',22,6,61,4978,14.5699997,1,17,14.5699997,12,7,1.2141666,3,14.5699997,27,0.0000000,1),
(430,0,'Chilli Poeder Gemalen 450gr Verstegen',22,6,50,7782,13.4600000,1,19,13.4600000,450,2,0.0299111,1,13.4600000,27,0.0000000,1),
(431,0,'Chips Lays 175gr Naturel',22,6,38,7090,1.5000000,1,18,1.5000000,175,2,0.0085714,1,1.5000000,27,0.0000000,1),
(432,0,'Copa Nata Con Nueces ijs 6 stuks',22,6,61,4976,13.8100004,1,17,13.8100004,6,7,2.3016667,3,13.8100004,27,0.0000000,1),
(433,0,'Crispy Filet Burgers Hot and Spicy Wereldburger',22,6,62,7696,39.9399986,1,17,39.9399986,48,7,0.8320833,3,39.9399986,27,0.0000000,1),
(434,0,'Currysaus Can Oliehoorn 10 liter',22,6,41,8006,19.3999996,1,26,19.3999996,10,6,0.0019400,2,19.3999996,27,0.0000000,1),
(435,0,'Dikke Ketjap 10 liter can (=13.8kg) GoTan',22,6,41,10114,21.8299999,1,26,21.8299999,10,6,0.0021830,2,21.8299999,27,0.0000000,1),
(436,0,'Donut BL Creme Brulee 48x69gr',22,6,45,11194,38.2799988,1,17,38.2799988,48,7,0.7975000,3,38.2799988,27,0.0000000,1),
(437,0,'Donut BL Rasp Cheesecake 48x69gr',22,6,45,11195,34.4500008,1,17,34.4500008,48,7,0.7177083,3,34.4500008,27,0.0000000,1),
(438,0,'Donut met Oreo Molco 48x73gr',22,6,45,11190,35.8699989,1,17,35.8699989,48,7,0.7472917,3,35.8699989,27,0.0000000,1),
(439,0,'Eieren Gekookt Gepeld 60 stuks',22,6,48,7765,10.6400003,1,23,10.6400003,60,7,0.1773333,3,10.6400003,27,0.0000000,1),
(440,0,'Fajita Seasoning CB 680gram',22,6,50,7986,10.0200005,1,19,10.0200005,680,2,0.0147353,1,10.0200005,27,0.0000000,1),
(441,0,'Filet American 1 x500gr',22,6,62,8098,4.9400001,1,27,4.9400001,500,2,0.0098800,1,4.9400001,27,0.0000000,1),
(442,0,'Filet Schnitzel Wereldburgers 20x200gr',22,6,62,7693,34.4300003,1,17,34.4300003,20,7,1.7215000,3,34.4300003,27,0.0000000,1),
(443,0,'Frikandel Borrel Mini Lieshout 50x20gr',22,6,57,7576,6.4299998,1,17,6.4299998,50,7,0.1286000,3,6.4299998,27,0.0000000,1),
(444,0,'Frikandel van Lieshout 40x85gr',22,6,57,7677,10.6400003,1,17,10.6400003,40,7,0.2660000,3,10.6400003,27,0.0000000,1),
(445,0,'Frikandelbroodje 30x120gr First Class',22,6,37,11501,26.8400002,1,17,26.8400002,30,7,0.8946667,3,26.8400002,27,0.0000000,1),
(446,0,'Frites Aviko Pom Plus 10mm 2x5kg Blauw',22,6,42,7862,11.2100000,1,17,11.2100000,10,1,0.0011210,1,11.2100000,27,0.0000000,1),
(447,0,'Fritessaus 35% Glutenvrij 10 Liter Oliehoorn',22,6,41,7826,13.5799999,1,23,13.5799999,10000,5,0.0013580,2,13.5799999,27,0.0000000,1),
(448,0,'Gebakken Uitjes 8x1200 gram GoTan',22,6,50,10113,33.0099983,8,18,4.1262498,1200,2,0.0034385,1,33.0099983,27,0.0000000,1),
(449,0,'Gedroogde Tomaten in Olie 720ml Nestor',22,6,39,7902,3.4600000,1,19,3.4600000,400,2,0.0086500,1,3.4600000,27,0.0000000,1),
(450,0,'Gembersiroop 1 liter',22,6,58,8053,4.1700001,1,20,4.1700001,1000,5,0.0041700,2,4.1700001,27,0.0000000,1),
(451,0,'Geraspt Gemalen Mozzarella / Kaas 45+ 2Kg',22,6,48,7660,11.4200001,1,18,11.4200001,2000,2,0.0057100,1,11.4200001,27,0.0000000,1),
(452,0,'Geraspt Kaas Oud 2 Kg',22,6,48,7661,19.2099991,1,18,19.2099991,2000,2,0.0096050,1,19.2099991,27,0.0000000,1),
(453,0,'Glutenvrij Worstenbrood 24x80gr',22,6,37,11503,30.7099991,1,17,30.7099991,24,7,1.2795833,3,30.7099991,27,0.0000000,1),
(454,0,'Hamburger Bun Oergranen 2361 4x6x100gr Baker',22,6,37,8206,16.0499992,4,18,4.0124998,6,7,0.6687500,3,16.0499992,27,0.0000000,1),
(455,0,'Hot Wings Krokant 516 Hillco 2x2,5 Kg',22,6,62,7558,23.2700005,1,17,23.2700005,85,7,0.2737647,3,23.2700005,27,0.0000000,1),
(456,0,'Ijs Copa Requeson Con Miel ijs 6 stuks',22,6,61,4975,12.7900000,1,17,12.7900000,6,7,2.1316667,3,12.7900000,27,0.0000000,1),
(457,0,'Jalapeno Pepers Schijfjes Blik 3 Kg Nestor',22,6,39,7748,3.7300000,1,16,3.7300000,1700,2,0.0021941,1,3.7300000,27,0.0000000,1),
(458,0,'Kaas Hotelblok Jong Belegen 2x4Kg',22,6,48,7657,64.6100006,2,22,32.3050003,4000,2,0.0080762,1,64.6100006,27,0.0000000,1),
(459,0,'Kaas Hotelblok Oud 2x3.3Kg',22,6,48,7656,59.8499985,2,22,29.9249992,3300,2,0.0090682,1,59.8499985,27,0.0000000,1),
(460,0,'Kaassoufflé 50x60gr FRAPPANT',22,6,57,7614,10.5200005,1,17,10.5200005,50,7,0.2104000,3,10.5200005,27,0.0000000,1),
(461,0,'Kaassoufflé Mini 100x25 KB',22,6,57,7587,19.9699993,1,17,19.9699993,100,7,0.1997000,3,19.9699993,27,0.0000000,1),
(462,0,'Kaastengels Topking 60x15gr oude kaas',22,6,57,7869,17.5400009,1,17,17.5400009,60,7,0.2923333,3,17.5400009,27,0.0000000,1),
(463,0,'Kappertjes Nestor 720ml',22,6,64,7898,2.2100000,1,19,2.2100000,450,2,0.0049111,1,2.2100000,27,0.0000000,1),
(464,0,'Kerriepoeder 500gr Verstegen',22,6,50,7829,12.9700003,1,19,12.9700003,500,2,0.0259400,1,12.9700003,27,0.0000000,1),
(465,0,'Ketchup Vierkante Emmer Oliehoorn 2,5Kg',22,6,41,7870,7.4299998,1,23,7.4299998,2500,2,0.0029720,1,7.4299998,27,0.0000000,1),
(466,0,'Kipnuggets Frappant 1,8Kg',22,6,57,7979,7.6500001,1,17,7.6500001,90,7,0.0850000,3,7.6500001,27,0.0000000,1),
(467,0,'Knorr Penne Rigate 3Kg',22,6,36,7901,10.3999996,1,17,10.3999996,3000,2,0.0034667,1,10.3999996,27,0.0000000,1),
(468,0,'Kookroom Debic z.s. 1 liter',22,6,48,8049,3.0699999,1,20,3.0699999,1000,5,0.0030700,2,3.0699999,27,0.0000000,1),
(469,0,'Korean BBQ 6x1 Liter GoTan',22,6,41,10110,24.7600002,6,20,4.1266665,1000,5,0.0041267,2,24.7600002,27,0.0000000,1),
(470,0,'Kroket 20% AVG 28x80gr',22,6,57,7605,9.7399998,1,17,9.7399998,28,7,0.3478571,3,9.7399998,27,0.0000000,1),
(471,0,'Kruidenmix voor Pizza 475gr',22,6,50,10224,11.8900003,1,19,11.8900003,475,2,0.0250316,1,11.8900003,27,0.0000000,1),
(472,0,'Mango Vruchtendrank FreshF 8x1,5L Smoothie',22,6,43,7848,15.1000004,8,28,1.8875000,1500,5,0.0012583,2,15.1000004,27,0.0000000,1),
(473,0,'Mayonaise 10 liter Frappant 80%',22,6,41,8024,22.3400002,1,23,22.3400002,10000,5,0.0022340,2,22.3400002,27,0.0000000,1),
(474,0,'Mosterd Emmer Oliehoorn 2,5kg',22,6,41,7785,6.2399998,1,23,6.2399998,2500,2,0.0024960,1,6.2399998,27,0.0000000,1),
(475,0,'Mosterd-Dillesaus Hela 800ml Dressing',22,6,41,6707,3.2700000,1,20,3.2700000,800,5,0.0040875,2,3.2700000,27,0.0000000,1),
(476,0,'Muffin Black Label Chocolate Overkill 24x130gr',22,6,45,11192,21.2500000,1,17,21.2500000,24,7,0.8854167,3,21.2500000,27,0.0000000,1),
(477,0,'Muffin Black Label Salty Caram 24x130gr',22,6,45,11193,21.2500000,1,17,21.2500000,24,7,0.8854167,3,21.2500000,27,0.0000000,1),
(478,0,'Muffin De Luxe Redvelvet 36x110gr',22,6,45,11191,33.6699982,1,17,33.6699982,36,7,0.9352778,3,33.6699982,27,0.0000000,1),
(479,0,'Nachips Naturel Round 12x450gr',22,6,38,10010,27.8600006,12,18,2.3216667,450,2,0.0051593,1,27.8600006,27,0.0000000,1),
(480,0,'Olijven Zwart 935gr Gesneden 935gr',22,6,39,7742,2.2400000,1,19,2.2400000,450,2,0.0049778,1,2.2400000,27,0.0000000,1),
(481,0,'Panini Gegrild Molco 50x125gr 24388',22,6,37,8068,23.8299999,1,17,23.8299999,50,7,0.4766000,3,23.8299999,27,0.0000000,1),
(482,0,'Peper Wit Gemalen Muntok 500gr Verstegen',22,6,50,7775,16.1900005,1,19,16.1900005,500,2,0.0323800,1,16.1900005,27,0.0000000,1),
(483,0,'Peterselie 750gr Verstegen',22,6,50,7796,20.0200005,1,23,20.0200005,750,2,0.0266933,1,20.0200005,27,0.0000000,1),
(484,0,'Pijnboompitten 900gr Bak',22,6,38,7733,21.7500000,1,27,21.7500000,900,2,0.0241667,1,21.7500000,27,0.0000000,1),
(485,0,'Pizzabodem met Saus 29cm Fondo 25x290gr',22,6,37,7931,24.0799999,1,17,24.0799999,25,7,0.9632000,3,24.0799999,27,0.0000000,1),
(486,0,'Pizzabodem Tomatensaus 16x260gram 26cm',22,6,37,11000,17.3299999,1,17,17.3299999,16,7,1.0831250,3,17.3299999,27,0.0000000,1),
(487,0,'Pot Amsterdamse Uitjes 2650ml NVR',22,6,64,7726,4.2300000,1,19,4.2300000,1350,2,0.0031333,1,4.2300000,27,0.0000000,1),
(488,0,'Pot Augurken D 2650ml',22,6,64,7721,3.9900000,1,19,3.9900000,1350,2,0.0029556,1,3.9900000,27,0.0000000,1),
(489,0,'Premium Worstenbrood 36x90gr First Class',22,6,37,11502,27.6700001,1,17,27.6700001,36,7,0.7686111,3,27.6700001,27,0.0000000,1),
(490,0,'Zachte Margarine Frappant 2000gr',22,6,55,7729,4.4299998,1,27,4.4299998,2000,2,0.0022150,1,4.4299998,27,0.0000000,1),
(491,0,'Reddy Zonnebloemolie 2 Liter',22,6,55,10102,5.2199998,1,20,5.2199998,2000,5,0.0026100,2,5.2199998,27,0.0000000,1),
(492,0,'Ruitspekken 150 stuks Silo',22,6,49,7362,7.3800001,1,27,7.3800001,150,7,0.0492000,3,7.3800001,27,0.0000000,1),
(493,0,'Rustico Bonk Donker Molco 30x100gr 26896',22,6,37,7768,12.5900002,1,17,12.5900002,30,7,0.4196667,3,12.5900002,27,0.0000000,1),
(494,0,'Rustico Bonk Wit Molco 30x100gr 26879',22,6,37,8198,11.8999996,1,17,11.8999996,30,7,0.3966667,3,11.8999996,27,0.0000000,1),
(495,0,'Satesaus KenK Oliehoorn 10Kg',22,6,41,8033,33.2299995,1,23,33.2299995,10000,2,0.0033230,1,33.2299995,27,0.0000000,1),
(496,0,'Slagroom Met Suiker 700ml Debic Spuitbus',22,6,48,7786,5.7500000,1,20,5.7500000,700,5,0.0082143,2,5.7500000,27,0.0000000,1),
(497,0,'Smoothie Fantasy Framb Mango FreshF 20x150gr',22,6,44,7852,16.5599995,1,17,16.5599995,20,7,0.8280000,3,16.5599995,27,0.0000000,1),
(498,0,'Smoothie Paradise Mango Aardbei 20x150gr',22,6,44,7854,16.5599995,1,17,16.5599995,20,7,0.8280000,3,16.5599995,27,0.0000000,1),
(499,0,'Smoothie Tropical Aardbei Banaan FreshF 20x150gr',22,6,44,7853,16.5599995,1,17,16.5599995,20,7,0.8280000,3,16.5599995,27,0.0000000,1),
(500,0,'Stokbrood Bruin 57cm 1554 Pastridor 25x285gr',22,6,37,7645,16.5000000,1,17,16.5000000,25,7,0.6600000,3,16.5000000,27,0.0000000,1),
(501,0,'Stokbrood wit 57cm 1555 Pastridor 28x270gr',22,6,37,7644,14.8900003,1,17,14.8900003,28,7,0.5317857,3,14.8900003,27,0.0000000,1),
(502,0,'Tafel Margarine Gouda\'s Glorie 1x2 Kg',22,6,55,7728,4.8299999,1,27,4.8299999,2000,2,0.0024150,1,4.8299999,27,0.0000000,1),
(503,0,'Thai Chilisaus 6x700 ml Duta GoTan',22,6,41,10112,8.8500004,6,20,1.4750000,700,5,0.0021071,2,8.8500004,27,0.0000000,1),
(504,0,'Sojasaus 6x1 liter GoTan',22,6,41,10115,23.0000000,1,20,23.0000000,1000,5,0.0230000,2,23.0000000,27,0.0000000,1),
(505,0,'Trufito ijs 12 stuks',22,6,61,4977,12.2399998,1,17,12.2399998,12,7,1.0200000,3,12.2399998,27,0.0000000,1),
(506,0,'Vegan Beef Burgers Wereldburgers 40x150gr',22,6,60,7697,70.4100037,1,17,70.4100037,40,7,1.7602500,3,70.4100037,27,0.0000000,1),
(507,0,'Vegan Worstenbroodjes 36x90gr',22,6,60,11500,30.8400002,1,17,30.8400002,36,7,0.8566667,3,30.8400002,27,0.0000000,1),
(508,0,'Vet Frappant 10 liter Vloeibaar',22,6,55,8046,19.2299995,1,23,19.2299995,10000,5,0.0019230,2,19.2299995,27,0.0000000,1),
(509,0,'Vlammetjes 72x18gr Topking',22,6,57,7591,19.0300007,1,17,19.0300007,72,7,0.2643056,3,19.0300007,27,0.0000000,1),
(510,0,'Wok Teriyaki 6x1 Liter GoTan',22,6,41,10111,30.0699997,6,20,5.0116668,1000,5,0.0050117,2,30.0699997,27,0.0000000,1),
(511,0,'Satestokjes 2000 stuks 25cm',22,6,52,8568,8.6000004,10,22,0.8600000,200,7,0.0043000,3,NULL,27,0.0000000,1),
(512,0,'Snackzak 500gr 10 Kg nr 27 Eco Bruin',22,6,52,8615,28.0400009,1,17,28.0400009,1250,7,0.0224320,3,NULL,27,0.0000000,1),
(513,0,'Alu Folie 12 Mu 30cm 1.6 Kg 250 meter',22,6,52,8596,12.1800003,1,22,12.1800003,250,8,0.0487200,4,NULL,27,0.0000000,1),
(514,0,'Polyzak 14/4x27 1000 stuks 510210',22,6,52,8577,11.0100002,1,17,11.0100002,1000,7,0.0110100,3,NULL,27,0.0000000,1),
(515,0,'Folie 45cmx300m 905520 rol',22,6,52,8571,7.8899999,1,22,7.8899999,300,8,0.0263000,4,NULL,27,0.0000000,1),
(516,0,'Folie 30cmx300m 905420 1 rol',22,6,52,8574,5.0599999,1,22,5.0599999,300,8,0.0168667,4,NULL,27,0.0000000,1),
(517,0,'Handschoen Nitrile L 100st',22,6,52,8904,13.5600004,1,17,13.5600004,100,7,0.1356000,3,NULL,27,0.0000000,1),
(518,0,'Handschoen Nitrile M 100st',22,6,52,8902,12.8800001,1,17,12.8800001,100,7,0.1288000,3,NULL,27,0.0000000,1),
(519,0,'Caterdoos 55cm 10 stuks Toscane',22,6,52,8636,17.0400009,1,25,17.0400009,10,7,1.7040000,3,NULL,27,0.0000000,1),
(520,0,'Tonijn in olie 6x185gr',22,6,39,7993,7.7199998,6,16,1.2866668,135,2,0.0095309,1,NULL,27,0.0000000,1),
(521,0,'champignons middel kist 2,5 kg',31,6,47,NULL,6.7500000,1,27,6.7500000,2500,2,0.0027000,1,6.7500000,27,0.0000000,1),
(522,0,'komkommers hollandse ',31,6,47,NULL,1.0000000,1,22,1.0000000,400,2,0.0025000,1,1.0000000,27,0.0000000,1),
(523,0,'tomaten ',31,6,47,NULL,1.9500000,1,27,1.9500000,1000,2,0.0019500,1,1.9500000,27,0.0000000,1),
(524,0,'cherry tomaten 250gr. ',31,6,47,NULL,0.9000000,1,27,0.9000000,16,7,0.0562500,3,0.9000000,27,0.0000000,1),
(525,0,'radijsscheuten 100 gram ',31,6,47,NULL,1.3500000,1,27,1.3500000,100,2,0.0135000,1,1.3500000,27,0.0000000,1),
(526,0,'wortel gesneden ',31,6,47,NULL,1.9500000,1,18,1.9500000,1000,2,0.0019500,1,1.9500000,27,0.0000000,1),
(527,0,'witte kool gesneden ',31,6,47,NULL,1.6000000,1,18,1.6000000,1000,2,0.0016000,1,1.6000000,27,0.0000000,1),
(528,0,'uien gesneden ',31,6,47,NULL,1.8500000,1,18,1.8500000,1000,2,0.0018500,1,1.8500000,27,0.0000000,1),
(529,0,'aardappels bonken ',31,6,47,NULL,0.9500000,1,18,0.9500000,1000,2,0.0009500,1,0.9500000,27,0.0000000,1),
(530,0,'bieslook ',31,6,47,NULL,1.6500000,1,18,1.6500000,75,2,0.0220000,1,1.6500000,27,0.0000000,1),
(531,0,'friseesla ',31,6,47,NULL,1.8500000,1,27,1.8500000,175,2,0.0105714,1,1.8500000,27,0.0000000,1),
(532,0,'lollo rossa ',31,6,47,NULL,1.4500000,1,27,1.4500000,175,2,0.0082857,1,1.4500000,27,0.0000000,1),
(533,0,'lollo bionda ',31,6,47,NULL,1.4500000,1,27,1.4500000,175,2,0.0082857,1,1.4500000,27,0.0000000,1),
(534,0,'uien rood grof ',31,6,47,NULL,1.0000000,1,18,1.0000000,800,2,0.0012500,1,1.0000000,27,0.0000000,1),
(535,0,'sinaasappels valencia 90 ',31,6,44,NULL,18.9500008,1,17,18.9500008,90,7,0.2105556,3,18.9500008,27,0.0000000,1),
(536,0,'tauge ',31,6,47,NULL,3.0000000,1,18,3.0000000,1000,2,0.0030000,1,3.0000000,27,0.0000000,1),
(537,0,'rode kool gesneden ',31,6,47,NULL,3.5000000,1,18,3.5000000,1000,2,0.0035000,1,3.5000000,27,0.0000000,1),
(538,0,'munt ',31,6,47,NULL,1.4500000,1,18,1.4500000,75,2,0.0193333,1,1.4500000,27,0.0000000,1),
(539,0,'bosui ',31,6,47,NULL,0.9500000,1,18,0.9500000,75,2,0.0126667,1,0.9500000,27,0.0000000,1),
(540,0,'paprika gemengd ',31,6,47,NULL,2.7500000,1,18,2.7500000,850,2,0.0032353,1,2.7500000,27,0.0000000,1),
(541,0,'gember ',31,6,47,NULL,3.9500000,1,18,3.9500000,1000,2,0.0039500,1,3.9500000,27,0.0000000,1),
(542,0,'aardbeien Hollandse 500gr. ',31,6,44,NULL,5.9499998,1,27,5.9499998,500,2,0.0119000,1,5.9499998,27,0.0000000,1),
(543,0,'witte druiven pitloos ',31,6,44,NULL,5.5000000,1,27,5.5000000,1000,2,0.0055000,1,5.5000000,27,0.0000000,1),
(544,0,'blauwe druiven pitloos ',31,6,44,NULL,5.5000000,1,27,5.5000000,1000,2,0.0055000,1,5.5000000,27,0.0000000,1),
(545,0,'jonagold ',31,6,44,NULL,1.5000000,1,18,1.5000000,1000,2,0.0015000,1,1.5000000,27,0.0000000,1),
(546,0,'peterselie ',31,6,47,NULL,1.0000000,1,18,1.0000000,75,2,0.0133333,1,1.0000000,27,0.0000000,1),
(547,0,'platte peterselie ',31,6,47,NULL,1.6500000,1,18,1.6500000,75,2,0.0220000,1,1.6500000,27,0.0000000,1),
(548,0,'selderij ',31,6,47,NULL,1.0000000,1,18,1.0000000,75,2,0.0133333,1,1.0000000,27,0.0000000,1),
(549,0,'avocado ready to eat ',31,6,47,NULL,1.4500000,1,22,1.4500000,1,7,1.4500000,3,1.4500000,27,0.0000000,1),
(550,0,'knolselderij ',31,6,47,NULL,1.2500000,1,22,1.2500000,1,7,1.2500000,3,1.2500000,27,0.0000000,1),
(551,0,'prei gesneden ',31,6,47,NULL,3.5000000,1,18,3.5000000,1000,2,0.0035000,1,3.5000000,27,0.0000000,1),
(552,0,'geschilde aardappels ',31,6,47,NULL,1.6000000,1,18,1.6000000,1000,2,0.0016000,1,1.6000000,27,0.0000000,1),
(553,0,'red radish 50 gram ',31,6,47,NULL,1.6500000,1,18,1.6500000,50,2,0.0330000,1,1.6500000,27,0.0000000,1),
(554,0,'kiwi zespri green ',31,6,44,NULL,0.4000000,1,22,0.4000000,1,7,0.4000000,3,0.4000000,27,0.0000000,1),
(555,0,'courgette ',31,6,47,NULL,1.2500000,1,22,1.2500000,1,7,1.2500000,3,1.2500000,27,0.0000000,1),
(556,0,'uien grof',31,6,47,NULL,0.6500000,1,18,0.6500000,1000,2,0.0006500,1,NULL,27,0.0000000,1),
(557,0,'citroen',31,6,47,NULL,0.3500000,1,22,0.3500000,1,7,0.3500000,3,NULL,27,0.0000000,1),
(558,0,'LEF Cooking vloeistof',34,6,53,NULL,2.5999999,1,22,2.5999999,1,7,2.5999999,3,NULL,27,0.0000000,1),
(559,0,'rosbief muis 2+ kg',32,6,62,1339,12.9499998,1,22,12.9499998,1000,2,0.0129500,1,12.9499998,27,0.0000000,1),
(560,0,'sparerib extra gaar +z+k dv',32,6,62,9811,8.9499998,10,18,0.8950000,1000,2,0.0008950,1,8.9499998,27,0.0000000,1),
(561,0,'rund gehakt v2,+/+,clean label recept',32,6,62,14051,6.9499998,1,27,6.9499998,1000,2,0.0069500,1,6.9499998,27,0.0000000,1),
(562,0,'hamburger gekruid clean label',32,6,62,6321,9.9499998,1,27,9.9499998,1000,2,0.0099500,1,9.9499998,27,0.0000000,1),
(563,0,'Coburger ham half',32,6,62,70531,13.9499998,1,22,13.9499998,1000,2,0.0139500,1,13.9499998,27,0.0000000,1),
(564,0,'Ontbijtspek gildener half vac',32,6,62,7064,9.9499998,1,22,9.9499998,1000,2,0.0099500,1,9.9499998,27,0.0000000,1),
(565,0,'V- kophaasschoon 2,5 kg vac sq',32,6,62,3065,6.9499998,1,22,6.9499998,1000,2,0.0069500,1,6.9499998,27,0.0000000,1),
(566,0,'V- shoarma reepjes 1,0kg +z+k dv',32,6,62,3430,8.4499998,1,27,8.4499998,1000,2,0.0084500,1,8.4499998,27,0.0000000,1),
(567,0,'Aluminium-karton deksels',26,6,52,21561,3.9900000,1,28,3.9900000,100,7,0.0399000,3,3.9900000,27,0.0000000,1),
(568,0,'Cup, Portiecup, Papier, 35ml, 1.25oz, 31mm, bruin',27,6,52,442070,3.5000000,1,25,3.5000000,250,7,0.0140000,3,3.5000000,27,0.0000000,1),
(569,0,'Rondel, Ø22cm, karton, wit',27,6,52,408022,19.3500004,1,28,19.3500004,250,7,0.0774000,3,19.3500004,27,0.0000000,1),
(570,0,'Biodore® Schaal, conisch bakje, kraft/PLA, 107x69x41mm, bruin',27,6,52,437378,38.9000015,1,28,38.9000015,250,7,0.1556000,3,38.9000015,27,0.0000000,1),
(571,0,'Biodore® Bak, Papier, A5, snackbak, 110x40x33mm, bruin',27,6,52,176000,20.6000004,1,17,20.6000004,385,7,0.0535065,3,20.6000004,27,0.0000000,1),
(572,0,'Biodore® Bak, Papier, A16, snackbak, bruin',27,6,52,176005,31.8500004,1,17,31.8500004,250,7,0.1274000,3,31.8500004,27,0.0000000,1),
(573,0,'Rondel, Ø26cm, karton, wit',27,6,52,408026,18.7000008,1,28,18.7000008,250,7,0.0748000,3,18.7000008,27,0.0000000,1),
(574,0,'Bak, Kraft/Kunststof , 1300ml, 40oz, bowl, 66mm, bruin',27,6,52,440223,83.4000015,1,17,83.4000015,300,7,0.2780000,3,83.4000015,27,0.0000000,1),
(575,0,'Deksel, PET, Ø75mm, transparant',27,6,52,442090,11.0500002,1,17,11.0500002,1000,7,0.0110500,3,11.0500002,27,0.0000000,1),
(576,0,'Bak, PET, 80ml, Ø75mm, sauscup, zwart',27,6,52,442095,14.6499996,1,17,14.6499996,1000,7,0.0146500,3,14.6499996,27,0.0000000,1),
(577,0,'Bak, PET, 50ml, Ø75mm, sauscup, zwart',27,6,52,442094,13.6000004,1,17,13.6000004,1000,7,0.0136000,3,13.6000004,27,0.0000000,1),
(578,0,'Fles, rPET, zonder dop, 1000cc, transparant',27,6,52,449771,30.8999996,1,17,30.8999996,70,7,0.4414286,3,30.8999996,27,0.0000000,1),
(579,0,'Fles, rPET, zonder dop, 500cc, transparant',27,6,52,449759,30.2500000,1,17,30.2500000,108,7,0.2800926,3,30.2500000,27,0.0000000,1),
(580,0,'Fles, rPET, zonder dop, 250cc, transparant',27,6,52,449753,52.5999985,1,17,52.5999985,210,7,0.2504762,3,52.5999985,27,0.0000000,1),
(581,0,'Dop, HDPE, Ø40mm, zwart',27,6,52,449765,98.4499969,1,17,98.4499969,3400,7,0.0289559,3,98.4499969,27,0.0000000,1),
(582,0,'Cup, Portiecup, Papier, 55ml, 2oz, 35mm, bruin',27,6,52,442071,4.2500000,1,25,4.2500000,250,7,0.0170000,3,4.2500000,27,0.0000000,1),
(583,0,'DEPA® Amuse, PS, 150ml, 48mm, zwart',27,6,52,448195,10.3999996,1,25,10.3999996,50,7,0.2080000,3,10.3999996,27,0.0000000,1),
(584,0,'Bak, XPP, menubox, 240x205x70mm, beige',27,6,52,48223,14.5000000,1,25,14.5000000,50,7,0.2900000,3,14.5000000,27,0.0000000,1),
(585,0,'Tas, Kraft, platte papieren handgreep, 26x 17x26cm, snacktas, bruin',27,6,52,270200,62.5200005,1,17,62.5200005,400,7,0.1563000,3,62.5200005,27,0.0000000,1),
(586,0,'Pap. draagtas -Hoge Heide',27,6,52,NULL,41.2500000,1,17,41.2500000,250,7,0.1650000,3,41.2500000,27,0.0000000,1),
(587,0,'Edelpack -De Hoge Heide inpakpapier',27,6,52,NULL,45.7500000,1,17,45.7500000,1200,7,0.0381250,3,45.7500000,27,0.0000000,1),
(588,0,'Kippedij vlees zonder vel',33,6,62,35001008,4.5000000,1,27,4.5000000,1000,2,0.0045000,1,4.5000000,27,0.0000000,1),
(589,0,'Kipfilet  halve 250 gr MH vers',33,6,62,10130001,5.2500000,1,27,5.2500000,1000,2,0.0052500,1,5.2500000,27,0.0000000,1),
(590,0,'Olitalia olijfolie extra vergine',21,6,55,397245,6.1900001,1,20,6.1900001,1000,5,0.0061900,2,6.1900001,27,0.0000000,1),
(591,0,'Depa cais rond 61 mm wit',21,6,52,697881,7.9899998,1,17,7.9899998,1000,7,0.0079900,3,7.9899998,27,0.0000000,1),
(592,0,'Laurierblad heel',21,6,50,141100,3.0899999,1,18,3.0899999,150,2,0.0206000,1,3.0899999,27,0.0000000,1),
(593,0,'Thijm geritst',21,6,50,273051,3.2500000,1,19,3.2500000,220,2,0.0147727,1,3.2500000,27,0.0000000,1),
(594,0,'paperplus etiket a4 70x42mm',21,6,53,343123,7.7500000,1,17,7.7500000,100,7,0.0775000,3,7.7500000,27,0.0000000,1),
(595,0,'O\'life glaze balsamico',21,6,41,56247,4.1900001,1,20,4.1900001,250,5,0.0167600,2,4.1900001,27,0.0000000,1);

/*Table structure for table `leverancierslijst_copy` */

DROP TABLE IF EXISTS `leverancierslijst_copy`;

CREATE TABLE `leverancierslijst_copy` (
  `id` int(10) unsigned NOT NULL AUTO_INCREMENT,
  `voorraadtelling_id` int(11) DEFAULT NULL,
  `main_leverancierslijst_id` int(11) DEFAULT NULL,
  `recep_ticket_id` int(11) NOT NULL,
  `geef_productnaam` varchar(200) DEFAULT NULL,
  `leveranciers_id` int(11) DEFAULT NULL,
  `locatie_id` int(11) DEFAULT NULL,
  `inkoopcategorien_id` int(11) DEFAULT NULL,
  `artikelnummer` int(11) DEFAULT NULL,
  `prijs_van` float(13,7) DEFAULT NULL,
  `aantal_verpakkingen` int(11) DEFAULT NULL,
  `eenheid_id` int(11) DEFAULT NULL,
  `prijs_per` float(13,7) DEFAULT NULL,
  `inhoud_van` int(11) DEFAULT NULL,
  `eenheden_id` int(11) DEFAULT NULL,
  `prijs_per_eenheid` float(13,7) DEFAULT NULL,
  `kleinste_eenheid_id` int(11) DEFAULT NULL,
  `netto_stuks_prijs` float(13,7) DEFAULT NULL,
  `statiegeld_id` int(11) DEFAULT NULL,
  `statiegeld_price` float(13,7) DEFAULT NULL,
  `statiegeld_los` int(11) DEFAULT NULL,
  `statiegeld_eenheid2` float(13,7) DEFAULT NULL,
  `waarde_voorraad` float(13,7) DEFAULT NULL,
  `waarde_voorraad2` float(13,7) NOT NULL,
  `waard_statiegeld` float(13,7) DEFAULT NULL,
  `aantal_omdozen` int(11) DEFAULT NULL,
  `lege_omdozen` int(11) NOT NULL,
  `omdoos_statiegeld_totaal` float(13,7) NOT NULL,
  `aantal_geteld` int(11) DEFAULT NULL,
  `losse_geteld` float(13,7) DEFAULT NULL,
  `lege_geteld` float(13,7) DEFAULT NULL,
  `statiegeld_losse_flessen` float(13,7) NOT NULL,
  `total_voorraad_waarde` float(13,7) DEFAULT NULL,
  `company_id` int(3) DEFAULT NULL,
  PRIMARY KEY (`id`)
) ENGINE=InnoDB AUTO_INCREMENT=6259 DEFAULT CHARSET=utf8;

/*Data for the table `leverancierslijst_copy` */

/*Table structure for table `recepten_ticket` */

DROP TABLE IF EXISTS `recepten_ticket`;

CREATE TABLE `recepten_ticket` (
  `id` int(10) unsigned NOT NULL AUTO_INCREMENT,
  `recept_naam` varchar(150) DEFAULT NULL,
  `recept_id` int(11) DEFAULT NULL,
  `inkoopcategorie_id` int(11) DEFAULT NULL,
  `sub_total1` float(13,7) DEFAULT 0.0000000,
  `sub_total2` float(13,7) DEFAULT 0.0000000,
  `total` float(13,7) DEFAULT 0.0000000,
  `total_gewicht` int(11) DEFAULT NULL,
  `eenheden_id` int(11) DEFAULT NULL,
  `omzetgroepen_id` int(11) DEFAULT NULL,
  `kleinste_id` int(11) DEFAULT NULL,
  `verlies_procentage` int(11) DEFAULT NULL,
  `aantal_verpakkingen` int(11) DEFAULT NULL,
  `eenheid_id` int(11) DEFAULT NULL,
  `locatie_id` int(11) DEFAULT NULL,
  `btw_id` int(11) DEFAULT NULL,
  `created_at` datetime DEFAULT NULL,
  `submitted_at` datetime DEFAULT NULL,
  `updated_at` datetime DEFAULT NULL,
  `is_calculated` enum('0','1') DEFAULT '0',
  `is_checked` enum('0','1','2') NOT NULL DEFAULT '1',
  `old_price` float(13,7) NOT NULL,
  `company_id` int(3) DEFAULT NULL,
  PRIMARY KEY (`id`)
) ENGINE=InnoDB AUTO_INCREMENT=53 DEFAULT CHARSET=utf8;

/*Data for the table `recepten_ticket` */

insert  into `recepten_ticket`(`id`,`recept_naam`,`recept_id`,`inkoopcategorie_id`,`sub_total1`,`sub_total2`,`total`,`total_gewicht`,`eenheden_id`,`omzetgroepen_id`,`kleinste_id`,`verlies_procentage`,`aantal_verpakkingen`,`eenheid_id`,`locatie_id`,`btw_id`,`created_at`,`submitted_at`,`updated_at`,`is_calculated`,`is_checked`,`old_price`,`company_id`) values 
(1,'Tonijn salade',220007,34,5.9092531,0.0000000,5.9092531,950,2,3,1,0,1,7,2,1,'2022-03-10 09:43:19','2022-03-17 07:16:31','2022-06-02 08:56:12','1','1',0.0000000,1),
(5,'eiersalade',220001,34,3.3169696,0.0000000,2.8381600,800,2,3,1,0,1,7,2,1,'2022-03-16 17:24:36','2022-03-17 06:21:29','2022-06-02 09:02:22','1','2',2.8381600,1),
(6,'hoge heide saus',220002,34,1.3404000,0.1717000,1.4200000,460,2,3,1,2,1,3,2,1,'2022-03-17 05:07:24','2022-03-17 06:23:53','2022-06-02 08:00:13','1','2',1.4200000,1),
(7,'Gemengde sla',220003,34,21.4285793,0.0000000,19.0371590,1800,2,3,1,0,1,7,2,1,'2022-03-17 05:26:33','2022-03-17 07:08:13','2022-06-02 08:44:19','1','2',19.0371590,1),
(8,'Disposable broodje b',220004,18,0.0000000,0.3266000,0.3266000,1,7,3,3,0,1,7,2,1,'2022-03-17 05:51:06','2022-03-17 06:25:09','2022-06-02 07:59:13','1','1',0.0000000,1),
(9,'Truffel Mayonaise',220005,7,1.9685000,0.1717000,2.0200000,550,2,3,1,0,1,3,2,1,'2022-03-17 06:17:14','2022-03-17 06:21:05','2022-06-02 08:00:13','1','2',2.0200000,1),
(10,'Hoge heide spread',220006,34,7.2433577,0.0000000,6.5400000,1050,2,3,1,0,1,7,2,1,'2022-03-17 06:47:20','2022-03-17 06:51:58','2022-06-02 09:02:22','1','2',6.5400000,1),
(11,'chipottle puree',220008,16,15.4340000,0.0000000,15.4340000,2950,2,3,1,0,1,1,2,1,'2022-03-17 09:38:36','2022-03-17 09:43:07','2022-06-02 08:39:03','1','1',0.0000000,1),
(12,'chipottle mayonaise',220009,7,4.4010000,0.3434000,1.4200000,1200,2,3,1,0,1,3,2,1,'2022-03-17 09:43:34','2022-03-17 09:45:00','2022-06-02 08:00:13','1','2',1.4200000,1),
(13,'mosterd mayonaise',220010,7,3.3894999,0.3434000,1.4200000,1200,2,3,1,0,1,3,2,1,'2022-03-17 10:07:16','2022-03-17 10:09:24','2022-06-02 08:00:13','1','2',1.4200000,1),
(14,'kippedijvlees gaar',220011,28,35.8618088,0.5060000,32.1178093,3900,2,3,1,0,1,3,2,1,'2022-03-17 10:14:20','2022-06-16 08:18:46','2022-06-16 05:37:04','1','2',32.1178093,1),
(15,'koolsalade',220012,13,2.9524579,0.0000000,2.9524579,1400,2,3,1,0,1,12,2,1,'2022-03-17 11:03:20','2022-03-17 11:06:15','2022-06-02 05:38:50','1','1',0.0000000,1),
(16,'salsa saus',220013,7,8.5303326,0.0000000,2.2689500,1800,2,3,1,0,1,12,2,1,'2022-03-17 11:09:22','2022-06-16 08:42:48','2022-06-16 08:36:15','1','2',2.2689500,1),
(17,'chilli mayonaise',220014,7,1.7359999,0.3434000,1.8698000,1250,2,3,1,0,1,3,2,1,'2022-03-17 12:11:01','2022-03-17 12:12:55','2022-06-16 08:36:15','1','2',1.8698000,1),
(18,'pittig gehakt',220015,34,9.3983278,0.1100000,8.3383274,800,2,3,1,0,1,3,2,1,'2022-03-17 12:27:30','2022-03-17 12:29:50','2022-05-31 07:06:20','1','2',8.3383274,1),
(19,'uitgebakken spekreep',35001009,34,30.3619995,0.0000000,23.2819996,600,2,3,1,0,1,12,2,1,'2022-03-22 03:28:23','2022-03-22 03:32:31','2022-06-02 02:25:15','1','2',23.2819996,1),
(20,'koolsalade',35001010,34,2.3206551,0.0000000,2.3206551,850,2,3,1,0,1,12,2,1,'2022-03-22 07:57:39','2022-03-24 08:27:23','2022-06-02 02:10:15','1','1',0.0000000,1),
(21,'testr',35001010,3,0.6165000,0.6165000,1.2330000,250,0,1,0,0,24,2,2,2,'2022-03-25 04:07:18','2022-03-25 04:12:09',NULL,'1','1',0.0000000,1),
(22,'Knoflooksaus',35001013,34,2.9995000,0.0000000,2.7635000,1050,2,3,1,0,1,7,2,1,'2022-03-25 07:31:46','2022-03-25 07:33:29','2022-06-02 02:13:53','1','2',2.7635000,1),
(23,'disposable salade be',35001014,18,0.0000000,0.8761600,0.8761600,1,7,3,3,0,1,7,2,2,'2022-03-25 11:45:06','2022-03-25 11:49:44','2022-06-02 07:59:13','1','1',0.0000000,1),
(24,'testwww',0,1,0.3323000,0.1646400,0.6441400,500,5,3,2,5,1,3,2,NULL,'2022-03-28 03:47:22','2022-03-28 03:51:24','2022-06-02 08:46:44','1','2',0.6441400,1),
(26,'garnituur hoofdgerecht binnen',35001015,34,0.5308000,0.0521000,2.2689500,1,7,3,3,0,1,7,2,NULL,'2022-03-29 07:44:15','2022-03-29 09:28:49','2022-06-02 08:50:30','1','2',2.2689500,1),
(27,'disposable hoofdgerecht bezorging',35001016,34,0.0000000,0.3832240,0.3832240,1,7,3,3,0,1,7,2,NULL,'2022-03-29 08:09:08','2022-03-29 08:11:26','2022-06-02 07:59:13','1','1',0.0000000,1),
(28,'champignons saus',35001017,34,31.8049507,0.0000000,31.8049507,0,0,0,0,0,0,0,0,NULL,'2022-03-29 09:10:28',NULL,'2022-06-16 06:24:55','0','1',0.0000000,1),
(29,NULL,NULL,NULL,0.0000000,0.0000000,0.0000000,NULL,NULL,NULL,NULL,NULL,NULL,NULL,NULL,NULL,'2022-03-29 09:16:37',NULL,NULL,'0','1',0.0000000,1),
(30,NULL,NULL,NULL,0.0000000,0.0000000,0.0000000,NULL,NULL,NULL,NULL,NULL,NULL,NULL,NULL,NULL,'2022-03-29 09:18:57',NULL,NULL,'0','1',0.0000000,1),
(31,'champignons saus',35001017,34,33.0844498,0.0000000,2.7635000,7500,5,3,2,0,1,7,2,NULL,'2022-03-29 09:19:37','2022-03-29 09:22:24','2022-06-16 06:24:55','1','2',2.7635000,1),
(32,'garnituur hoofdgerecht bezorging',35001018,34,0.9033300,0.0000000,2.2689500,1,7,3,3,0,1,7,2,NULL,'2022-03-29 09:32:27','2022-03-29 09:35:36','2022-06-02 08:50:30','1','2',2.2689500,1),
(33,'kipsaté',35001019,34,80.8728561,0.0000000,57.3728561,0,0,0,0,0,0,0,0,NULL,'2022-03-29 10:24:52',NULL,'2022-06-16 05:36:47','0','2',57.3728561,1),
(34,'kipsaté',35001019,34,84.1538620,0.5500000,61.2038612,10499,2,3,1,0,1,12,2,NULL,'2022-03-29 10:27:57','2022-06-16 08:16:01','2022-06-16 05:36:47','1','2',61.2038612,1),
(39,'Test',35001020,2,5241.7714844,218.8861542,5.0000000,7000,1,0,1,6,1,4,2,NULL,'2022-03-29 11:21:20',NULL,'2022-06-02 06:58:00','0','2',5.0000000,1),
(40,'chocolade saus',35001020,34,4.7795000,0.0000000,4.3020000,750,2,3,1,0,1,7,2,NULL,'2022-03-29 11:50:09','2022-03-29 11:52:49','2022-06-02 02:20:44','1','2',4.3020000,1),
(41,'chocolade brownie',35001021,34,7.6976900,0.1335220,7.8312120,12,7,3,3,0,1,7,2,NULL,'2022-03-31 01:38:27','2022-03-31 01:41:03','2022-06-02 06:27:07','1','1',0.0000000,1),
(42,'kruidenboter',35001022,34,12.1159210,0.6868000,11.6127205,2300,2,3,1,0,1,7,2,NULL,'2022-03-31 01:59:21','2022-03-31 02:03:27','2022-06-16 06:18:58','1','2',11.6127205,1),
(43,'brood croutons',35001023,34,16.3277836,0.0000000,2.7635000,700,2,3,1,0,1,7,2,NULL,'2022-03-31 02:56:11','2022-03-31 02:56:11','2022-06-02 05:44:00','1','2',2.7635000,1),
(44,'tomatensoep',35001024,34,17.7782993,0.0000000,1.5188000,10000,5,3,2,0,1,7,2,NULL,'2022-03-31 03:49:23','2022-03-31 03:49:23','2022-06-02 08:39:40','1','2',1.5188000,1),
(45,'spagetti saus',35001025,34,16.1532459,0.0000000,13.9305000,3000,2,3,1,0,1,7,2,NULL,'2022-03-31 05:25:39','2022-03-31 05:31:18','2022-06-02 08:44:36','1','2',13.9305000,1),
(46,'mexicanse bonen saus',35001026,34,22.9000378,1.3640000,14.9598999,4000,2,3,1,0,1,7,2,NULL,'2022-03-31 07:04:31','2022-06-02 10:57:44','2022-06-02 08:44:36','1','2',14.9598999,1),
(47,'test recept',35001027,34,0.2475560,0.0000000,0.2350560,70,2,3,1,0,1,7,2,NULL,'2022-04-28 06:51:05','2022-04-28 06:53:04','2022-06-02 08:50:30','1','2',0.2350560,1),
(48,'pasta slade',35001028,34,13.7371397,0.0000000,11.4758501,6000,2,3,1,0,1,7,2,NULL,'2022-05-13 08:55:37','2022-05-13 08:55:37','2022-06-02 08:44:36','1','2',11.4758501,1),
(49,'cocktail saus',35001029,34,11.2531004,0.0000000,3.5100000,4415,2,3,1,0,1,7,2,NULL,'2022-05-13 08:57:58','2022-05-13 08:57:58','2022-06-02 05:36:33','1','2',3.5100000,1),
(50,'Garnituur steengrill',35001030,34,1.7486528,0.0000000,0.2350560,1,7,3,3,0,1,7,2,NULL,'2022-05-19 03:08:15','2022-05-19 03:08:15','2022-06-16 06:13:06','1','2',0.2350560,1),
(51,'kip kruiden mix eigen',35001031,34,7.7572098,0.0000000,7.7572098,350,2,3,1,0,1,7,2,NULL,'2022-06-02 09:03:16','2022-06-02 09:05:05',NULL,'1','1',0.0000000,1);

/*Table structure for table `recepten_ticket_inkoopatikelen_disposable` */

DROP TABLE IF EXISTS `recepten_ticket_inkoopatikelen_disposable`;

CREATE TABLE `recepten_ticket_inkoopatikelen_disposable` (
  `id` int(10) unsigned NOT NULL AUTO_INCREMENT,
  `recepten_ticket_id` int(11) DEFAULT NULL,
  `leverancierslijst_id` int(11) DEFAULT NULL,
  `netto_prijs` varchar(50) DEFAULT NULL,
  `eenheid_kleinste` float(13,7) DEFAULT NULL,
  `benodigde` int(11) DEFAULT NULL,
  `kostprijs` float(13,7) DEFAULT NULL,
  `type` enum('1','2') DEFAULT NULL,
  `created_at` datetime DEFAULT NULL,
  `company_id` int(3) DEFAULT NULL,
  PRIMARY KEY (`id`)
) ENGINE=InnoDB AUTO_INCREMENT=362 DEFAULT CHARSET=utf8;

/*Data for the table `recepten_ticket_inkoopatikelen_disposable` */

insert  into `recepten_ticket_inkoopatikelen_disposable`(`id`,`recepten_ticket_id`,`leverancierslijst_id`,`netto_prijs`,`eenheid_kleinste`,`benodigde`,`kostprijs`,`type`,`created_at`,`company_id`) values 
(11,5,473,'Mililiter',0.0024010,160,0.3841600,'1','2022-03-17 04:44:06',1),
(12,5,464,'Gram',0.0271400,4,0.1085600,'1','2022-03-17 04:44:50',1),
(13,5,450,'Mililiter',0.0041700,25,0.1042500,'1','2022-03-17 04:45:05',1),
(14,5,530,'Gram',0.0233333,6,0.1399998,'1','2022-03-17 04:45:19',1),
(15,6,473,'Mililiter',0.0024010,400,0.9604000,'1','2022-03-17 05:07:24',1),
(16,6,401,'Mililiter',0.0020000,40,0.0800000,'1','2022-03-17 05:08:07',1),
(17,6,399,'Gram',0.0150000,20,0.3000000,'1','2022-03-17 05:08:31',1),
(19,7,533,'Gram',0.0122857,600,7.3714199,'1','2022-03-17 05:26:57',1),
(20,7,532,'Gram',0.0122857,600,7.3714199,'1','2022-03-17 05:27:14',1),
(21,7,531,'Gram',0.0111429,600,6.6857400,'1','2022-03-17 05:27:32',1),
(22,8,603,'Stuks',0.0137000,1,0.0100000,'2','2022-03-17 05:51:06',1),
(23,8,604,'Stuks',0.0573000,1,0.0600000,'2','2022-03-17 05:51:33',1),
(24,8,602,'Stuks',0.0292000,1,0.0300000,'2','2022-03-17 05:51:45',1),
(25,8,586,'Stuks',0.1650000,1,0.1700000,'2','2022-03-17 05:51:58',1),
(26,8,587,'Stuks',0.0381000,1,0.0400000,'2','2022-03-17 05:52:11',1),
(27,8,1,'Stuks',0.0166000,1,0.0166000,'2','2022-03-17 05:52:26',1),
(28,5,439,'Stuks',0.2150000,12,2.5799999,'1','2022-03-17 06:00:55',1),
(29,9,473,'Mililiter',0.0024010,500,1.2005000,'1','2022-03-17 06:17:14',1),
(30,9,347,'Gram',0.0216000,25,0.5400000,'1','2022-03-17 06:17:29',1),
(31,9,379,'Mililiter',0.0091200,25,0.2280000,'1','2022-03-17 06:17:49',1),
(32,9,337,'Stuks',0.1717000,1,0.1717000,'2','2022-03-17 06:19:30',1),
(33,6,337,'Stuks',0.1717000,1,0.1717000,'2','2022-03-17 06:23:27',1),
(34,10,612,'Gram',0.0063600,1000,6.3600001,'1','2022-03-17 06:47:20',1),
(35,10,530,'Gram',0.0233333,35,0.8166655,'1','2022-03-17 06:49:59',1),
(36,10,482,'Gram',0.0324000,2,0.0600000,'1','2022-03-17 06:50:14',1),
(37,10,359,'Gram',0.0006692,10,0.0066920,'1','2022-03-17 06:50:54',1),
(38,1,520,'Gram',0.0095309,500,4.7654500,'1','2022-03-17 07:11:10',1),
(39,1,488,'Gram',0.0035111,45,0.1579995,'1','2022-03-17 07:11:28',1),
(40,1,473,'Mililiter',0.0024010,250,0.6002500,'1','2022-03-17 07:11:47',1),
(41,1,465,'Gram',0.0031200,45,0.1404000,'1','2022-03-17 07:12:06',1),
(42,1,545,'Gram',0.0017500,100,0.1750000,'1','2022-03-17 07:12:32',1),
(43,1,482,'Gram',0.0324000,2,0.0648000,'1','2022-03-17 07:12:50',1),
(44,1,359,'Gram',0.0006692,8,0.0053536,'1','2022-03-17 07:13:15',1),
(45,11,622,'Gram',0.0052000,2650,13.7799997,'1','2022-03-17 09:38:36',1),
(47,11,556,'Gram',0.0007500,200,0.1500000,'1','2022-03-17 09:40:19',1),
(48,11,298,'Gram',0.0150400,100,1.5039999,'1','2022-03-17 09:40:28',1),
(49,12,623,'Gram',0.0100000,200,2.0000000,'1','2022-03-17 09:43:34',1),
(50,12,473,'Mililiter',0.0024010,1000,2.4010000,'1','2022-03-17 09:43:46',1),
(51,12,337,'Stuks',0.1717000,2,0.3434000,'2','2022-03-17 09:44:01',1),
(52,13,473,'Mililiter',0.0024010,1000,2.4010000,'1','2022-03-17 10:07:16',1),
(53,13,393,'Gram',0.0039000,200,0.7800000,'1','2022-03-17 10:07:38',1),
(54,13,337,'Stuks',0.1717000,2,0.3434000,'2','2022-03-17 10:07:55',1),
(55,13,450,'Mililiter',0.0041700,50,0.2085000,'1','2022-03-17 10:08:58',1),
(62,15,527,'Gram',0.0016000,1000,1.6000000,'1','2022-03-17 11:03:20',1),
(63,15,473,'Mililiter',0.0024010,100,0.2401000,'1','2022-03-17 11:03:53',1),
(64,15,629,'Gram',0.0115111,60,0.6906660,'1','2022-03-17 11:04:11',1),
(65,15,365,'Mililiter',0.0005000,30,0.0150000,'1','2022-03-17 11:04:27',1),
(66,15,359,'Gram',0.0006692,10,0.0066920,'1','2022-03-17 11:04:40',1),
(67,15,526,'Gram',0.0020000,200,0.4000000,'1','2022-03-17 11:05:00',1),
(74,17,351,'Gram',0.0052400,200,1.0480000,'1','2022-03-17 12:11:17',1),
(75,17,402,'Gram',0.0068800,100,0.6880000,'1','2022-03-17 12:11:29',1),
(76,17,337,'Stuks',0.1717000,2,0.3434000,'2','2022-03-17 12:12:11',1),
(77,18,301,'Gram',0.0088700,1000,8.8699999,'1','2022-03-17 12:27:30',1),
(78,18,440,'Gram',0.0156176,30,0.4685280,'1','2022-03-17 12:27:49',1),
(79,18,430,'Gram',0.0299000,2,0.0598000,'1','2022-03-17 12:28:05',1),
(80,18,514,'Stuks',0.0110000,10,0.1100000,'2','2022-03-17 12:28:59',1),
(81,19,298,'Gram',0.0150400,2000,30.0799999,'1','2022-03-22 03:28:23',1),
(82,19,491,'Mililiter',0.0028200,100,0.2820000,'1','2022-03-22 03:28:44',1),
(84,20,527,'Gram',0.0016000,500,0.8000000,'1','2022-03-24 08:24:42',1),
(85,20,537,'Gram',0.0035000,200,0.7000000,'1','2022-03-24 08:24:54',1),
(86,20,473,'Mililiter',0.0024010,100,0.2401000,'1','2022-03-24 08:25:15',1),
(87,20,629,'Gram',0.0115111,50,0.5755550,'1','2022-03-24 08:25:48',1),
(88,20,365,'Mililiter',0.0005000,10,0.0050000,'1','2022-03-24 08:26:12',1),
(89,21,603,'Stuks',0.0137000,45,0.6165000,'1','2022-03-25 04:07:18',1),
(90,21,603,'Stuks',0.0137000,45,0.6165000,'2','2022-03-25 04:07:25',1),
(91,22,473,'Mililiter',0.0024010,1000,2.4010000,'1','2022-03-25 07:31:46',1),
(92,22,319,'Gram',0.0093000,50,0.4650000,'1','2022-03-25 07:32:16',1),
(93,22,483,'Gram',0.0267000,5,0.1335000,'1','2022-03-25 07:32:39',1),
(96,23,312,'Stuks',0.2931600,1,0.2931600,'2','2022-03-25 11:45:49',1),
(97,23,586,'Stuks',0.1650000,1,0.1650000,'2','2022-03-25 11:46:11',1),
(98,23,309,'Stuks',0.4014000,1,0.4014000,'2','2022-03-25 11:46:34',1),
(99,23,1,'Stuks',0.0166000,1,0.0166000,'2','2022-03-25 11:46:50',1),
(100,24,603,'Stuks',0.0137200,12,0.1646400,'1','2022-03-28 03:47:33',1),
(101,24,603,'Stuks',0.0137200,12,0.1646400,'2','2022-03-28 03:47:40',1),
(103,24,542,'Gram',0.0055000,23,0.1265000,'1','2022-03-28 03:50:22',1),
(104,24,603,'Stuks',0.0137200,3,0.0411600,'1','2022-03-28 03:51:21',1),
(105,26,614,'Gram',0.0100000,10,0.1000000,'1','2022-03-29 07:44:15',1),
(106,26,526,'Gram',0.0020000,5,0.0100000,'1','2022-03-29 07:44:30',1),
(107,26,527,'Gram',0.0016000,2,0.0032000,'1','2022-03-29 07:44:46',1),
(108,26,537,'Gram',0.0035000,2,0.0070000,'1','2022-03-29 07:44:56',1),
(109,26,475,'Mililiter',0.0044500,10,0.0445000,'1','2022-03-29 07:45:10',1),
(110,26,523,'Gram',0.0022500,10,0.0225000,'1','2022-03-29 07:45:25',1),
(111,26,522,'Gram',0.0025000,10,0.0250000,'1','2022-03-29 07:45:38',1),
(112,26,350,'Gram',0.0102000,3,0.0306000,'1','2022-03-29 07:45:59',1),
(113,26,446,'Kilogram',0.0013970,150,0.2095500,'1','2022-03-29 07:46:28',1),
(114,26,447,'Mililiter',0.0015690,50,0.0784500,'1','2022-03-29 07:46:45',1),
(115,26,568,'Stuks',0.0140000,1,0.0140000,'2','2022-03-29 07:47:13',1),
(116,26,587,'Stuks',0.0381000,1,0.0381000,'2','2022-03-29 07:47:33',1),
(117,27,603,'Stuks',0.0137200,1,0.0137200,'2','2022-03-29 08:09:08',1),
(118,27,326,'Stuks',0.1095000,1,0.1095000,'2','2022-03-29 08:09:22',1),
(119,27,586,'Stuks',0.1650000,1,0.1650000,'2','2022-03-29 08:09:35',1),
(120,27,1,'Stuks',0.0166000,1,0.0166000,'2','2022-03-29 08:09:49',1),
(121,27,512,'Stuks',0.0245040,1,0.0245040,'2','2022-03-29 08:10:13',1),
(122,27,577,'Stuks',0.0136000,1,0.0136000,'2','2022-03-29 08:10:24',1),
(123,27,575,'Stuks',0.0111000,1,0.0111000,'2','2022-03-29 08:10:33',1),
(124,27,602,'Stuks',0.0292000,1,0.0292000,'2','2022-03-29 08:10:55',1),
(125,28,521,'Gram',0.0027800,2000,5.5599999,'1','2022-03-29 09:10:28',1),
(126,28,468,'Mililiter',0.0038900,1000,3.8900001,'1','2022-03-29 09:10:51',1),
(127,28,300,'Gram',0.0146533,1500,21.9799500,'1','2022-03-29 09:12:21',1),
(128,28,556,'Gram',0.0007500,500,0.3750000,'1','2022-03-29 09:13:25',1),
(129,28,662,'Centiliter',0.0000000,250,0.0000000,'1','2022-03-29 09:15:16',1),
(130,31,521,'Gram',0.0027800,2000,5.5599999,'1','2022-03-29 09:19:37',1),
(131,31,300,'Gram',0.0146533,1500,21.9799500,'1','2022-03-29 09:19:58',1),
(132,31,468,'Mililiter',0.0038900,1000,3.8900001,'1','2022-03-29 09:20:10',1),
(133,31,556,'Gram',0.0007500,500,0.3750000,'1','2022-03-29 09:20:24',1),
(134,31,662,'Centiliter',0.0000000,250,0.0000000,'1','2022-03-29 09:20:42',1),
(135,31,319,'Gram',0.0093000,25,0.2325000,'1','2022-03-29 09:21:05',1),
(136,31,329,'Gram',0.0209400,50,1.0470001,'1','2022-03-29 09:21:28',1),
(137,32,614,'Gram',0.0100000,15,0.1500000,'1','2022-03-29 09:32:27',1),
(138,32,526,'Gram',0.0020000,5,0.0100000,'1','2022-03-29 09:32:45',1),
(139,32,527,'Gram',0.0016000,5,0.0080000,'1','2022-03-29 09:33:04',1),
(140,32,537,'Gram',0.0035000,5,0.0175000,'1','2022-03-29 09:33:14',1),
(141,32,475,'Mililiter',0.0044500,20,0.0890000,'1','2022-03-29 09:33:37',1),
(142,32,523,'Gram',0.0022500,25,0.0562500,'1','2022-03-29 09:33:55',1),
(143,32,522,'Gram',0.0025000,25,0.0625000,'1','2022-03-29 09:34:08',1),
(144,32,350,'Gram',0.0102000,5,0.0510000,'1','2022-03-29 09:34:21',1),
(145,32,446,'Kilogram',0.0013970,250,0.3492500,'1','2022-03-29 09:34:41',1),
(146,32,447,'Mililiter',0.0015690,70,0.1098300,'1','2022-03-29 09:34:57',1),
(147,33,589,'Gram',0.0075500,10000,75.5000000,'1','2022-03-29 10:24:52',1),
(148,33,504,'Mililiter',0.0229900,200,4.5980000,'1','2022-03-29 10:25:22',1),
(149,33,367,'Gram',0.0164333,25,0.4108325,'1','2022-03-29 10:25:43',1),
(150,33,363,'Gram',0.0145610,25,0.3640250,'1','2022-03-29 10:25:59',1),
(165,39,603,'Stuks',0.0137200,87,1.1936400,'1','2022-03-29 11:21:20',1),
(166,39,308,'Gram',0.0078810,65900,519.3579102,'1','2022-03-29 11:21:27',1),
(167,39,212,'Stuks',0.0093000,87578,814.4754028,'1','2022-03-29 11:21:35',1),
(168,39,346,'Meter',0.0019200,789,1.5148799,'1','2022-03-29 11:21:41',1),
(169,39,584,'Stuks',0.2900000,865,250.8500061,'1','2022-03-29 11:21:49',1),
(170,39,577,'Stuks',0.0136000,79999,1087.9864502,'1','2022-03-29 11:22:02',1),
(171,39,611,'Stuks',0.3300000,7767,2563.1101074,'1','2022-03-29 11:22:15',1),
(172,39,365,'Mililiter',0.0005000,6566,3.2830000,'1','2022-03-29 11:22:26',1),
(173,39,142,'Stuks',13.8500004,8,110.8000031,'2','2022-03-29 11:23:01',1),
(174,39,603,'Stuks',0.0137200,7878,108.0861588,'2','2022-03-29 11:23:52',1),
(175,40,387,'Mililiter',0.0056150,500,2.8074999,'1','2022-03-29 11:50:09',1),
(176,40,674,'Gram',0.0078880,250,1.9720000,'1','2022-03-29 11:52:40',1),
(183,41,147,'Gram',0.0011500,280,0.3220000,'1',NULL,1),
(184,41,674,'Gram',0.0078880,280,2.2086401,'1',NULL,1),
(185,41,677,'Gram',0.0128600,280,3.6008000,'1',NULL,1),
(186,41,679,'Stuks',0.2410000,4,0.9640000,'1',NULL,1),
(187,41,680,'Gram',0.0012180,125,0.1522500,'1',NULL,1),
(188,41,678,'Gram',0.0090000,50,0.4500000,'1',NULL,1),
(189,41,322,'Meter',0.0015220,1,0.0015220,'2','2022-03-31 01:41:03',1),
(190,41,514,'Stuks',0.0110000,12,0.1320000,'2','2022-03-31 01:41:03',1),
(197,42,490,'Gram',0.0031150,2000,6.2300000,'1',NULL,1),
(198,42,530,'Gram',0.0233333,75,1.7499975,'1',NULL,1),
(199,42,546,'Gram',0.0166667,75,1.2500025,'1',NULL,1),
(200,42,338,'Gram',0.0169400,25,0.4235000,'1',NULL,1),
(201,42,319,'Gram',0.0093000,50,0.4650000,'1',NULL,1),
(202,42,548,'Gram',0.0146667,75,1.1000025,'1',NULL,1),
(203,42,687,'Gram',0.0253300,10,0.2533000,'1','2022-03-31 02:03:27',1),
(204,42,686,'Gram',0.0322059,20,0.6441180,'1','2022-03-31 02:03:27',1),
(205,42,337,'Stuks',0.1717000,4,0.6868000,'2','2022-03-31 02:03:27',1),
(206,43,689,'Gram',0.0092125,1600,14.7399998,'1','2022-03-31 02:56:11',1),
(207,43,319,'Gram',0.0093000,60,0.5580000,'1','2022-03-31 02:56:11',1),
(208,43,338,'Gram',0.0169400,60,1.0164000,'1','2022-03-31 02:56:11',1),
(209,43,359,'Gram',0.0006692,20,0.0133840,'1','2022-03-31 02:56:11',1),
(210,44,341,'Gram',0.0015333,6000,9.1997995,'1','2022-03-31 03:49:23',1),
(211,44,366,'Gram',0.0020706,1000,2.0706000,'1','2022-03-31 03:49:23',1),
(212,44,329,'Gram',0.0209400,100,2.0940001,'1','2022-03-31 03:49:23',1),
(213,44,526,'Gram',0.0020000,500,1.0000000,'1','2022-03-31 03:49:23',1),
(214,44,528,'Gram',0.0020000,500,1.0000000,'1','2022-03-31 03:49:23',1),
(215,44,551,'Gram',0.0035000,500,1.7500000,'1','2022-03-31 03:49:23',1),
(216,44,147,'Gram',0.0011500,150,0.1725000,'1','2022-03-31 03:49:23',1),
(217,44,402,'Gram',0.0068800,50,0.3440000,'1','2022-03-31 03:49:23',1),
(218,44,592,'Gram',0.0206000,5,0.1030000,'1','2022-03-31 03:49:23',1),
(219,44,593,'Gram',0.0148000,3,0.0444000,'1','2022-03-31 03:49:23',1),
(220,44,662,'Centiliter',0.0000000,300,0.0000000,'1','2022-03-31 03:49:23',1),
(229,45,301,'Gram',0.0088700,1000,8.8699999,'1',NULL,1),
(230,45,556,'Gram',0.0007500,200,0.1500000,'1',NULL,1),
(231,45,540,'Gram',0.0029412,200,0.5882400,'1',NULL,1),
(232,45,521,'Gram',0.0027800,200,0.5560000,'1',NULL,1),
(233,45,341,'Gram',0.0015333,1000,1.5333000,'1',NULL,1),
(234,45,366,'Gram',0.0020706,400,0.8282400,'1',NULL,1),
(235,45,398,'Gram',0.4720000,5,2.3599999,'1',NULL,1),
(236,45,329,'Gram',0.0209400,25,0.5235000,'1',NULL,1),
(237,45,696,'Gram',0.0698333,5,0.3491665,'1','2022-03-31 05:31:18',1),
(238,45,334,'Gram',0.0197400,20,0.3948000,'1','2022-03-31 05:31:18',1),
(261,47,706,'Gram',0.0106000,5,0.0530000,'1','2022-04-28 06:53:04',1),
(262,47,479,'Gram',0.0054704,15,0.0820560,'1','2022-04-28 06:53:04',1),
(263,47,523,'Gram',0.0022500,50,0.1125000,'1','2022-04-28 06:53:04',1),
(264,48,357,'Gram',0.0014000,1500,2.0999999,'1','2022-05-13 08:55:37',1),
(265,48,534,'Gram',0.0014375,150,0.2156250,'1','2022-05-13 08:55:37',1),
(266,48,540,'Gram',0.0029412,500,1.4706000,'1','2022-05-13 08:55:37',1),
(267,48,488,'Gram',0.0035111,400,1.4044400,'1','2022-05-13 08:55:37',1),
(268,48,449,'Gram',0.0208750,175,3.6531250,'1','2022-05-13 08:55:37',1),
(269,48,324,'Gram',0.0114100,250,2.8525000,'1','2022-05-13 08:55:37',1),
(270,48,473,'Mililiter',0.0024010,850,2.0408499,'1','2022-05-13 08:55:37',1),
(271,49,473,'Mililiter',0.0024010,4000,9.6040001,'1','2022-05-13 08:57:58',1),
(272,49,465,'Gram',0.0031200,300,0.9360000,'1','2022-05-13 08:57:58',1),
(273,49,334,'Gram',0.0197400,15,0.2961000,'1','2022-05-13 08:57:58',1),
(274,49,450,'Mililiter',0.0041700,100,0.4170000,'1','2022-05-13 08:57:58',1),
(275,50,540,'Gram (1)',0.0029412,50,0.1470600,'1','2022-05-19 03:08:15',1),
(276,50,528,'Gram (1)',0.0020000,50,0.1000000,'1','2022-05-19 03:08:15',1),
(277,50,521,'Gram (1)',0.0027800,50,0.1390000,'1','2022-05-19 03:08:15',1),
(278,50,717,'Gram (1)',0.0019126,75,0.1434450,'1','2022-05-19 03:08:15',1),
(279,50,614,'Gram (1)',0.0100000,25,0.2500000,'1','2022-05-19 03:08:15',1),
(280,50,475,'Mililiter (1)',0.0044500,10,0.0445000,'1','2022-05-19 03:08:15',1),
(281,50,523,'Gram (1)',0.0022500,10,0.0225000,'1','2022-05-19 03:08:15',1),
(282,50,522,'Gram (1)',0.0025000,15,0.0375000,'1','2022-05-19 03:08:15',1),
(283,50,350,'Gram (1)',0.0102000,3,0.0306000,'1','2022-05-19 03:08:15',1),
(284,50,690,'Gram (1)',0.0190429,2,0.0380858,'1','2022-05-19 03:08:15',1),
(285,50,447,'Mililiter (1)',0.0015690,30,0.0470700,'1','2022-05-19 03:08:15',1),
(286,50,718,'Gram (1)',0.0025395,30,0.0761850,'1','2022-05-19 03:08:15',1),
(287,50,653,'Gram (1)',0.0026319,30,0.0789570,'1','2022-05-19 03:08:15',1),
(288,50,685,'Gram (1)',0.0048025,20,0.0960500,'1','2022-05-19 03:08:15',1),
(289,50,715,'Stuk (1)',0.2183000,1,0.2183000,'1','2022-05-19 03:08:15',1),
(290,50,446,'Gram (1)',0.0013970,200,0.2794000,'1','2022-05-19 03:08:15',1),
(291,51,397,'Gram (1)',0.0197250,200,3.9449999,'1','2022-06-02 09:05:05',1),
(292,51,767,'Gram (1)',0.0386818,50,1.9340900,'1','2022-06-02 09:05:05',1),
(293,51,771,'Gram (1)',0.0187812,100,1.8781199,'1','2022-06-02 09:05:05',1),
(320,46,698,'Gram (1)',0.0047142,1440,6.7884479,'1',NULL,1),
(321,46,699,'Gram',0.0094643,280,2.6500039,'1',NULL,1),
(322,46,301,'Gram',0.0088700,1000,8.8699999,'1',NULL,1),
(323,46,366,'Gram',0.0020706,300,0.6211800,'1',NULL,1),
(324,46,556,'Gram',0.0007500,200,0.1500000,'1',NULL,1),
(325,46,540,'Gram',0.0029412,200,0.5882400,'1',NULL,1),
(326,46,334,'Gram (1)',0.0197400,30,0.5922000,'1',NULL,1),
(327,46,319,'Gram (1)',0.0093000,40,0.3720000,'1',NULL,1),
(328,46,623,'Gram',0.0100000,150,1.5000000,'1',NULL,1),
(329,46,696,'Gram',0.0698333,5,0.3491665,'1',NULL,1),
(330,46,702,'Stuk (1)',0.0341000,20,0.6820000,'2',NULL,1),
(331,46,701,'Stuk (1)',0.0341000,20,0.6820000,'2',NULL,1),
(332,46,329,'Gram (1)',0.0209400,20,0.4188000,'1',NULL,1),
(333,34,589,'Gram',0.0075500,10000,75.5000000,'1',NULL,1),
(334,34,504,'Mililiter (1)',0.0229900,150,3.4484999,'1',NULL,1),
(335,34,367,'Gram (1)',0.0164333,40,0.6573320,'1',NULL,1),
(336,34,363,'Gram (1)',0.0145610,30,0.4368300,'1',NULL,1),
(337,34,397,'Gram (1)',0.0197250,60,1.1835001,'1',NULL,1),
(338,34,435,'Mililiter (1)',0.0021830,300,0.6549000,'1',NULL,1),
(339,34,319,'Gram (1)',0.0093000,200,1.8600000,'1',NULL,1),
(340,34,402,'Gram (1)',0.0068800,60,0.4128000,'1',NULL,1),
(341,34,514,'Stuks',0.0110000,50,0.5500000,'2',NULL,1),
(342,14,491,'Mililiter',0.0028200,100,0.2820000,'1',NULL,1),
(343,14,514,'Stuks',0.0110000,46,0.5060000,'2',NULL,1),
(344,14,588,'Gram',0.0068500,5000,34.2500000,'1',NULL,1),
(345,14,800,'Gram (1)',0.0221635,60,1.3298100,'1',NULL,1),
(356,16,726,'Gram (1)',0.0057500,1000,5.7500000,'1',NULL,1),
(357,16,534,'Gram (1)',0.0014375,400,0.5750000,'1',NULL,1),
(358,16,530,'Gram',0.0233333,25,0.5833325,'1',NULL,1),
(359,16,351,'Mililiter (1)',0.0052400,250,1.3099999,'1',NULL,1),
(360,16,465,'Gram (1)',0.0031200,100,0.3120000,'1',NULL,1);

/*Table structure for table `ticket` */

DROP TABLE IF EXISTS `ticket`;

CREATE TABLE `ticket` (
  `id` int(10) unsigned NOT NULL AUTO_INCREMENT,
  `name` varchar(150) DEFAULT NULL,
  `sub_total1` float(13,7) DEFAULT 0.0000000,
  `margegroepen_id1` int(11) DEFAULT NULL,
  `sub_total2` float(13,7) DEFAULT 0.0000000,
  `total` float(13,7) DEFAULT 0.0000000,
  `margegroepen_id2` int(11) DEFAULT NULL,
  `bezorging_id` int(11) DEFAULT NULL,
  `btw_id` int(11) DEFAULT NULL,
  `advies_verkoopprijs` float(13,7) DEFAULT NULL,
  `handmatige_verkoopprijs` float(13,7) DEFAULT NULL,
  `verschillen_tussen` float(13,7) DEFAULT NULL,
  `procentuele_afwijking` int(11) DEFAULT NULL,
  `omzetgroepen_id` int(11) DEFAULT NULL,
  `inkoopcategorien_id` int(11) DEFAULT NULL,
  `eenheden_id` int(11) DEFAULT NULL,
  `kleinste_id` int(11) DEFAULT NULL,
  `verlies_procentages` int(11) DEFAULT NULL,
  `created_at` datetime DEFAULT NULL,
  `submitted_at` datetime DEFAULT NULL,
  `updated_at` datetime DEFAULT NULL,
  `is_calculated` enum('0','1') DEFAULT '0',
  `is_checked` enum('0','1','2') NOT NULL DEFAULT '1',
  `old_price` float(13,7) NOT NULL,
  `company_id` int(3) DEFAULT NULL,
  PRIMARY KEY (`id`)
) ENGINE=InnoDB AUTO_INCREMENT=253 DEFAULT CHARSET=utf8;

/*Data for the table `ticket` */

insert  into `ticket`(`id`,`name`,`sub_total1`,`margegroepen_id1`,`sub_total2`,`total`,`margegroepen_id2`,`bezorging_id`,`btw_id`,`advies_verkoopprijs`,`handmatige_verkoopprijs`,`verschillen_tussen`,`procentuele_afwijking`,`omzetgroepen_id`,`inkoopcategorien_id`,`eenheden_id`,`kleinste_id`,`verlies_procentages`,`created_at`,`submitted_at`,`updated_at`,`is_calculated`,`is_checked`,`old_price`,`company_id`) values 
(15,'Test',0.0830000,0,0.0830000,0.1660000,25,1,1,4.1199999,2.5000000,-5.9699998,39,2,4,4,3,5,'2022-03-11 06:03:28','2022-03-11 06:04:09','2022-06-02 07:59:13','1','2',4.1199999,1),
(24,'Coca cola',0.4312500,2,0.0000000,0.4312500,25,1,1,2.2425001,2.5000000,1.2000000,15,2,9,7,3,0,'2022-03-16 08:25:04','2022-03-16 08:26:58','2022-04-28 06:38:09','1','0',2.6910000,1),
(25,'Coca cola',0.5200000,2,0.0000000,0.5200000,25,1,1,2.9500000,2.5000000,1.2000000,15,2,9,7,3,0,'2022-03-16 08:27:21',NULL,NULL,'0','1',0.0000000,1),
(26,'Coca cola',0.5200000,2,0.0000000,0.5200000,25,1,1,2.9500000,2.5000000,1.2000000,15,2,9,7,3,0,'2022-03-16 08:27:28',NULL,NULL,'0','1',0.0000000,1),
(27,'Coca cola',0.5200000,2,0.0000000,0.5200000,25,1,1,2.9500000,2.5000000,1.2000000,15,2,9,7,3,0,'2022-03-16 08:27:33',NULL,NULL,'0','1',0.0000000,1),
(28,'Coca cola',0.5200000,2,0.0000000,0.5200000,25,1,1,2.9500000,2.5000000,1.2000000,15,2,9,7,3,0,'2022-03-16 08:27:35',NULL,NULL,'0','1',0.0000000,1),
(29,'Coca cola',0.4312500,2,0.0000000,0.4312500,25,1,1,2.2425001,2.5000000,1.2000000,15,2,9,7,3,0,'2022-03-16 08:28:44',NULL,'2022-04-28 06:38:09','0','0',2.6910000,1),
(30,'Coca cola zero',0.5200000,2,0.0000000,0.5200000,25,1,1,2.9500000,2.5000000,1.2000000,15,2,9,7,3,0,'2022-03-16 08:33:43','2022-03-16 08:34:37',NULL,'1','1',0.0000000,1),
(31,'Coca cola zero',0.5200000,2,0.0000000,0.5200000,25,1,1,2.9500000,2.5000000,1.2000000,15,2,9,7,3,0,'2022-03-16 09:04:00',NULL,NULL,'0','1',0.0000000,1),
(32,'Coca cola zero',0.5200000,2,0.0000000,0.5200000,25,1,1,2.9500000,2.5000000,1.2000000,15,2,9,7,3,0,'2022-03-16 09:04:06',NULL,NULL,'0','1',0.0000000,1),
(33,'Coca cola zero',0.5200000,2,0.0000000,0.5200000,25,1,1,2.9500000,2.5000000,1.2000000,15,2,9,7,3,0,'2022-03-16 09:04:09',NULL,NULL,'0','1',0.0000000,1),
(34,'Coca cola zero',0.5200000,2,0.0000000,0.5200000,25,1,1,2.9500000,2.5000000,1.2000000,15,2,9,7,3,0,'2022-03-16 09:04:12',NULL,NULL,'0','1',0.0000000,1),
(35,NULL,0.0000000,NULL,0.0000000,0.0000000,25,NULL,NULL,NULL,NULL,NULL,NULL,NULL,NULL,NULL,NULL,NULL,'2022-03-16 09:06:27',NULL,NULL,'0','1',0.0000000,1),
(36,'Koffie',0.3400000,1,0.0000000,0.3400000,25,1,1,2.0000000,2.2500000,1.3500000,-12,2,25,7,3,0,'2022-03-16 09:36:24','2022-03-16 09:41:55',NULL,'1','1',0.0000000,1),
(37,NULL,0.0000000,NULL,0.0000000,0.0000000,25,NULL,NULL,NULL,NULL,NULL,NULL,NULL,NULL,NULL,NULL,NULL,'2022-03-16 09:39:54',NULL,NULL,'0','1',0.0000000,1),
(38,'Broodje eiersalade bezorging',1.6399670,17,0.3300000,1.9699670,25,3,1,6.1949048,6.7500000,0.1589330,13,3,3,7,3,0,'2022-03-16 09:45:40','2022-03-22 06:23:00','2022-06-02 08:42:03','1','0',7.7864094,1),
(39,'Koffiekaart',3.7500000,1,0.0000000,3.7500000,25,1,1,22.0699997,24.7500000,14.8299999,-12,2,25,7,3,0,'2022-03-16 10:22:33','2022-03-16 10:26:22',NULL,'1','1',0.0000000,1),
(40,'Test99',0.0830000,5,0.0830000,0.1660000,25,1,1,7.0999999,2.5000000,-5.9699998,64,2,4,4,3,5,'2022-03-16 16:53:22','2022-03-16 16:53:28','2022-06-02 07:59:13','1','2',7.0999999,1),
(41,'Broodje gehaktbal ',1.9788001,17,0.0381000,2.0169001,25,1,1,6.9714818,7.2500000,2.6800001,0,3,3,7,3,0,'2022-03-17 06:35:09','2022-03-17 10:10:51','2022-06-02 08:42:03','1','0',7.7864094,1),
(42,'Vloerbrood brie',2.4705994,17,0.0381000,2.5086994,25,1,1,8.6927805,8.9499998,3.2600000,0,3,3,7,3,0,'2022-03-17 06:35:14','2022-03-17 08:53:45','2022-06-02 08:50:30','1','0',7.7864094,1),
(43,'Vloerbrood carpaccio',2.7489419,17,0.0381000,2.7870419,25,1,1,9.6669788,9.7500000,3.7300000,-3,3,3,7,3,0,'2022-03-17 06:35:17','2022-03-17 08:29:36','2022-06-16 06:10:46','1','0',7.7864094,1),
(44,'Broodje tonijnsalade bezorging',1.9680220,17,0.3300000,2.2980220,25,3,1,7.3430977,9.0000000,2.1191001,0,3,3,7,3,0,'2022-03-17 06:35:23','2022-03-22 03:41:43','2022-06-02 08:42:03','1','0',7.7864094,1),
(45,'Vloerbrood gerookte ',3.0944929,17,0.0381000,3.1325929,25,1,1,10.8764076,10.5000000,4.0200000,-3,3,3,7,3,0,'2022-03-17 08:31:04','2022-03-17 08:37:36','2022-06-02 08:42:03','1','0',7.7864094,1),
(46,'Vloerbrood eiersalad',1.7591670,17,0.0381000,1.7972670,25,1,1,6.2027664,6.9499998,4.0712328,-3,3,3,7,3,0,'2022-03-17 08:57:35','2022-03-31 11:49:55','2022-06-02 08:42:03','1','0',2.5277140,1),
(47,'Vloerbrood total fit',2.0495000,17,0.0381000,2.0876000,25,1,1,7.2189317,7.7500000,2.9400001,-2,3,3,7,3,0,'2022-03-17 09:07:04','2022-03-17 09:54:51','2022-06-02 08:42:03','1','0',7.7864094,1),
(48,'Broodje gehaktbal ',1.9353000,17,0.0000000,1.9353000,25,1,1,6.7735500,6.9499998,2.5100000,0,3,3,7,3,0,'2022-03-17 10:03:15',NULL,'2022-06-02 08:42:03','0','0',7.7864094,1),
(49,'Broodje gehaktbal ',1.9353000,17,0.3681000,2.3034000,25,1,1,7.2149019,6.9499998,2.5100000,0,3,3,7,3,0,'2022-03-17 10:03:26',NULL,'2022-06-02 08:42:03','0','0',7.7864094,1),
(50,'Broodje gehaktbal bezorging',1.8498000,17,0.3300000,2.1798000,25,3,1,6.9293203,7.9499998,1.2915998,1,3,3,7,3,0,'2022-03-17 10:03:42','2022-03-22 03:37:14','2022-06-02 08:42:03','1','0',7.7864094,1),
(51,'Broodje pikante kip  bezorging',1.7144570,17,0.3300000,2.0444570,25,3,1,6.4556198,7.9499998,1.3611999,-2,3,3,7,3,0,'2022-03-17 10:13:30','2022-03-22 03:41:24','2022-06-16 08:43:04','1','0',7.7864094,1),
(52,'Fanta orange',0.4300000,2,0.0000000,0.4300000,25,1,1,2.4400001,2.5000000,-0.3700000,-2,2,9,7,3,0,'2022-03-17 10:35:34','2022-03-17 10:37:22',NULL,'1','1',0.0000000,1),
(53,'Fanta orange',0.4300000,2,0.0000000,0.4300000,25,1,1,2.4400001,2.5000000,-0.3700000,-2,2,9,7,3,0,'2022-03-17 10:37:55',NULL,NULL,'0','1',0.0000000,1),
(54,'Fanta orange',0.4300000,2,0.0000000,0.4300000,25,1,1,2.4400001,2.5000000,-0.3700000,-2,2,9,7,3,0,'2022-03-17 10:38:01',NULL,NULL,'0','1',0.0000000,1),
(55,'Fanta orange',0.4300000,2,0.0000000,0.4300000,25,1,1,2.4400001,2.5000000,-0.3700000,-2,2,9,7,3,0,'2022-03-17 10:38:10',NULL,NULL,'0','1',0.0000000,1),
(56,'Fanta orange',0.4300000,2,0.0000000,0.4300000,25,1,1,2.4400001,2.5000000,-0.3700000,-2,2,9,7,3,0,'2022-03-17 10:38:13',NULL,NULL,'0','1',0.0000000,1),
(57,'Vloerbrood caprése ',1.7470670,17,0.0381000,1.7851670,25,1,1,6.1604166,6.9499998,2.9300001,-11,3,3,7,3,0,'2022-03-17 10:38:29','2022-03-17 11:29:41','2022-06-02 08:50:30','1','0',7.7864094,1),
(59,'Fanta cassis',0.4500000,2,0.0000000,0.4500000,25,1,1,2.5500000,2.5500000,-0.4500000,0,2,9,7,3,0,'2022-03-17 10:39:02','2022-03-17 10:40:09',NULL,'1','1',0.0000000,1),
(60,'Sprite',0.4300000,2,0.0000000,0.4300000,25,1,1,2.4400001,2.5000000,-0.3700000,-2,2,9,7,3,0,'2022-03-17 10:40:11','2022-03-17 10:40:45',NULL,'1','1',0.0000000,1),
(61,'Rivella light',0.6600000,2,0.0000000,0.6600000,25,1,1,3.7400000,2.7500000,-1.5700001,26,2,9,7,3,0,'2022-03-17 10:40:47','2022-03-17 10:41:34',NULL,'1','1',0.0000000,1),
(62,'Red bull',1.0400000,4,0.0000000,1.0400000,25,1,1,3.0599999,3.0000000,0.5700000,1,2,9,7,3,0,'2022-03-17 10:41:36','2022-03-17 10:42:36',NULL,'1','1',0.0000000,1),
(63,'Tonic',0.4500000,2,0.0000000,0.4500000,25,1,1,2.5500000,2.5999999,1.9400001,-1,2,9,7,3,0,'2022-03-17 10:42:39','2022-03-17 10:43:11',NULL,'1','1',0.0000000,1),
(64,'Bitter lemon',0.4500000,2,0.0000000,0.4500000,25,1,1,2.5506001,2.5999999,-4.1399999,-1,2,9,7,3,0,'2022-03-17 10:43:13','2022-03-26 04:17:26',NULL,'1','1',0.0000000,1),
(65,'Ginger ale',0.4800000,2,0.0000000,0.4800000,25,1,1,2.7200000,2.7000000,1.4700000,0,2,9,7,3,0,'2022-03-17 10:43:50','2022-03-17 10:44:34',NULL,'1','1',0.0000000,1),
(66,'Fuze tea sparkling l',0.4800000,2,0.0000000,0.4800000,25,1,1,2.7200000,2.7000000,-0.5000000,0,2,9,7,3,0,'2022-03-17 10:44:40','2022-03-17 10:46:04',NULL,'1','1',0.0000000,1),
(67,'Fuze tea green',0.4800000,2,0.0000000,0.4800000,25,1,1,2.7200000,2.7000000,2.0000000,0,2,9,7,3,0,'2022-03-17 10:47:21','2022-03-17 10:48:04',NULL,'1','1',0.0000000,1),
(68,'Fuze tea mango chamo',0.4800000,2,0.0000000,0.4800000,25,1,1,2.7200000,2.7000000,1.4700000,0,2,9,7,3,0,'2022-03-17 10:48:06','2022-03-17 10:49:16',NULL,'1','1',0.0000000,1),
(69,'Verse muntthee',0.4533000,1,0.0000000,0.4533000,25,1,1,2.4478199,3.2500000,2.0400000,-22,2,25,7,3,0,'2022-03-17 10:52:56','2022-03-17 10:56:00','2022-06-02 08:45:03','1','0',2.6500001,1),
(70,'Verse gember thee',0.2900000,1,0.0000000,0.2900000,25,1,1,1.7100000,3.2500000,2.3699999,-90,2,25,7,3,0,'2022-03-17 10:56:03','2022-03-17 10:57:26',NULL,'1','1',0.0000000,1),
(71,'Slow tea rooibos dre',0.4300000,1,0.0000000,0.4300000,25,1,1,2.5300000,2.4000001,1.3000000,5,2,25,7,3,0,'2022-03-17 10:57:39','2022-03-17 11:34:01',NULL,'1','1',0.0000000,1),
(72,'vloerbrood pikante k',2.0322354,17,0.0381000,2.0703354,25,3,1,7.1653585,8.9499998,3.6800001,-2,3,3,7,3,0,'2022-03-17 10:57:48','2022-03-17 11:20:13','2022-06-16 08:43:04','1','0',6.7966719,1),
(73,'Slow tea golden oolo',0.4300000,1,0.0000000,0.4300000,25,1,1,2.5300000,2.4000001,1.3000000,5,2,25,7,3,0,'2022-03-17 11:19:39','2022-03-17 11:28:29',NULL,'1','1',0.0000000,1),
(74,'Slow tea ginger gree',0.4300000,1,0.0000000,0.4300000,25,1,1,2.5300000,2.4000001,1.3000000,5,2,25,7,3,0,'2022-03-17 11:28:32','2022-03-17 11:29:37',NULL,'1','1',0.0000000,1),
(75,'Slow tea velvet gree',0.4300000,1,0.0000000,0.4300000,25,1,1,2.5300000,2.4000001,1.3000000,5,2,25,7,3,0,'2022-03-17 11:29:52','2022-03-17 11:32:59',NULL,'1','1',0.0000000,1),
(76,'Broodje caprese bezorging',1.9548670,17,0.3300000,2.2848670,25,3,1,7.2970548,8.2500000,1.5089999,2,3,3,7,3,0,'2022-03-17 11:30:02','2022-03-24 08:05:46','2022-06-02 08:50:30','1','0',7.7864094,1),
(77,'Slow tea royal engli',0.4300000,1,0.0000000,0.4300000,25,1,1,2.5300000,2.4000001,-0.5500000,5,2,25,7,3,0,'2022-03-17 11:34:08','2022-03-17 11:35:36',NULL,'1','1',0.0000000,1),
(78,'club sandwich',2.3999751,17,0.0381000,2.4380751,25,1,1,8.4455948,9.9499998,4.1599998,-10,3,3,7,3,0,'2022-03-17 11:34:14','2022-03-17 11:41:17','2022-06-02 08:42:03','1','0',7.7864094,1),
(79,'Slow tea rose berry ',0.4300000,1,0.0000000,0.4300000,25,1,1,2.5300000,2.4000001,1.3000000,5,2,25,7,3,0,'2022-03-17 11:35:39','2022-03-17 11:37:07',NULL,'1','1',0.0000000,1),
(80,'Slow tea camilla sun',0.4300000,1,0.0000000,0.4300000,25,1,1,2.5300000,2.4000001,1.3000000,5,2,25,7,3,0,'2022-03-17 11:39:19','2022-03-17 11:40:22',NULL,'1','1',0.0000000,1),
(81,'club sandwich bezorging',2.0399749,17,0.3300000,2.3699751,25,3,1,7.5949330,8.9499998,2.0473001,2,3,3,7,3,0,'2022-03-17 11:40:01','2022-03-22 05:13:25','2022-06-02 08:42:03','1','0',7.7864094,1),
(82,'Slow tea smooth grey',0.4300000,1,0.0000000,0.4300000,25,1,1,2.5300000,0.0000000,-0.9000000,100,2,25,7,3,0,'2022-03-17 11:40:29','2022-03-17 11:41:21',NULL,'1','1',0.0000000,1),
(83,'Broodje kip teriayki bezorging',1.7076750,17,0.3300000,2.0376749,25,3,1,6.4318829,7.9499998,1.3311998,0,3,3,7,3,0,'2022-03-17 11:44:01','2022-03-22 03:38:13','2022-06-02 08:42:03','1','0',7.7864094,1),
(84,'worstenbroodje ',0.8188889,19,0.3300000,1.1488889,25,3,1,2.5022428,2.8000000,0.4100000,2,3,3,7,3,0,'2022-03-17 11:46:45','2022-03-17 12:48:55','2022-05-22 10:34:34','1','0',2.8699999,1),
(85,'Broodje carpaccio bezorging',2.2372167,17,0.3300000,2.5672169,25,3,1,10.2702503,7.9499998,5.0200610,22,3,3,7,3,0,'2022-03-17 11:47:48','2022-06-16 07:35:37','2022-06-16 06:10:46','1','0',7.7864094,1),
(86,'Hertog jan tapje',0.6500000,5,0.0000000,0.6500000,25,1,2,3.0699999,2.9000001,1.0300000,5,1,1,7,3,0,'2022-03-17 11:51:08','2022-03-17 11:51:46',NULL,'1','1',0.0000000,1),
(87,'Hertog jan biertoren',7.8400002,5,0.0000000,7.8400002,25,1,2,37.0000000,29.0000000,7.5000000,21,1,1,7,3,0,'2022-03-17 11:51:50','2022-03-17 11:53:38',NULL,'1','1',0.0000000,1),
(88,'Panini ham kaas  bezorging',1.4681280,24,0.3300000,1.7981280,25,3,1,4.8594046,5.2500000,-0.4536000,0,3,3,7,3,0,'2022-03-17 11:53:49','2022-03-22 05:32:34','2022-06-02 08:50:30','1','0',5.2819982,1),
(89,'Broodje gerookte zalm bezorging',2.4371309,17,0.3300000,2.7671311,25,3,1,11.1473236,8.2500000,5.0882764,25,3,3,7,3,0,'2022-03-17 11:54:30','2022-06-16 07:35:12','2022-06-02 08:42:03','1','0',7.7864094,1),
(90,'Broodje brie bezorging',1.9412330,17,0.3300000,2.2712331,25,3,1,8.9716949,7.2500000,4.6738429,19,3,3,7,3,0,'2022-03-17 12:00:47','2022-06-16 07:14:53','2022-06-02 08:42:03','1','0',7.7864094,1),
(91,'broodje kroket  bezorging',1.7553000,17,0.3300000,2.0853000,25,3,1,6.5985703,7.9499998,1.3524998,-1,3,3,7,3,0,'2022-03-17 12:04:25','2022-03-22 03:40:58','2022-06-16 05:53:42','1','0',7.8146324,1),
(92,'Broodje crispy chicken bezorging',1.9866747,17,0.3300000,2.3166747,25,3,1,7.4083819,7.9499998,1.1426001,8,3,3,7,3,0,'2022-03-17 12:10:34','2022-03-24 08:22:14','2022-06-02 08:50:30','1','0',8.7355165,1),
(93,'Panini pittig gehakt bezorging',1.8674780,24,0.3300000,2.1974781,25,3,1,6.0574546,6.2500000,0.0674000,11,3,3,7,3,0,'2022-03-17 12:24:09','2022-03-22 05:34:33','2022-05-22 10:31:47','1','0',7.0832777,1),
(94,'Panini kip pesto bezorging',2.0292280,17,0.3300000,2.3592279,25,3,1,7.5573187,8.2500000,1.5174000,1,3,3,7,3,0,'2022-03-17 12:31:57','2022-03-22 03:43:08','2022-06-02 02:25:51','1','0',7.1670685,1),
(95,'Panini brie spek  bezorging',1.7961500,17,0.3300000,2.1261499,25,3,1,6.7415457,7.9499998,1.3383998,0,3,3,7,3,0,'2022-03-17 12:33:52','2022-03-22 03:42:36','2022-06-02 02:16:00','1','0',7.3465128,1),
(96,'Bitter lemon',0.4500000,2,0.0000000,0.4500000,25,1,1,2.5500000,2.5999999,-0.4000000,-1,2,9,7,3,0,'2022-03-19 05:23:35',NULL,NULL,'0','1',0.0000000,1),
(97,'Bitter lemon',0.4500000,2,0.0000000,0.4500000,25,1,1,2.5500000,2.5999999,-0.4000000,-1,2,9,7,3,0,'2022-03-19 05:23:48',NULL,NULL,'0','1',0.0000000,1),
(99,'Frikandel broodje bezorging',0.9533333,19,0.3300000,1.2833333,25,3,1,2.8383539,2.8000000,-2.0146999,0,3,3,7,0,0,'2022-03-22 04:08:00','2022-03-22 04:20:35','2022-05-19 06:14:19','1','1',0.0000000,1),
(100,'Vegetarisch worstenbroodje bezorging',0.8567000,19,0.3300000,1.1867000,25,3,1,2.6846836,2.7000000,-2.0767000,0,3,3,7,0,0,'2022-03-22 04:22:43','2022-03-22 04:24:08',NULL,'1','1',0.0000000,1),
(101,'Glutenvrij worstenbroodje bezorging',1.2795833,19,0.3300000,1.6095833,25,2,1,3.6144116,2.8000000,-2.3996000,23,3,3,7,0,0,'2022-03-22 04:24:56','2022-03-22 04:32:16','2022-05-19 06:17:22','1','1',0.0000000,1),
(103,'Coca cola zero',0.0078810,2,0.0000000,0.0078810,25,1,1,0.0409812,2.5000000,1.2000000,15,2,9,7,3,0,'2022-03-22 06:17:57',NULL,'2022-04-28 06:59:15','0','0',2.9500000,1),
(104,'Kip teriyaki salade bezorging',2.9076250,16,0.8753000,3.7829249,25,3,1,13.9633856,12.5000000,7.6849651,10,3,34,7,3,0,'2022-03-22 06:18:10','2022-06-16 08:07:08','2022-06-02 08:40:38','1','0',13.4894524,1),
(105,'Pizza speciale',2.9423010,18,0.3049700,3.2472711,25,3,1,10.7185621,10.5000000,3.0388300,10,3,6,7,3,0,'2022-03-22 06:18:52','2022-03-25 11:21:54','2022-06-16 06:09:01','1','0',13.6331282,1),
(106,'Pizza shoarma',3.5207200,18,0.3049700,3.8256900,25,3,1,12.7430286,12.5000000,4.5934348,8,3,6,7,3,0,'2022-03-22 06:19:11','2022-03-25 07:37:45','2022-06-16 06:09:01','1','0',13.6331282,1),
(107,'Pizza kip teriyaki',3.1647463,18,0.3049700,3.4697163,25,3,1,11.4971199,12.9499998,5.2768302,-2,3,6,7,3,0,'2022-03-22 06:19:45','2022-03-25 07:25:24','2022-06-16 06:09:01','1','0',7.9080806,1),
(108,'Pizza margherita',2.2402923,18,0.3049700,2.5452623,25,3,1,8.2615309,7.5000000,0.7368300,12,3,6,7,0,0,'2022-03-22 07:40:25','2022-03-25 07:02:45','2022-06-16 06:09:01','1','0',8.6167679,1),
(109,'Carpaccio salade bezorging',3.7019341,16,0.8761600,4.5780940,25,3,1,14.1648626,12.5000000,7.2374330,20,3,22,7,3,0,'2022-03-22 07:40:52','2022-03-31 04:37:48','2022-06-16 06:10:46','1','0',10.6804743,1),
(110,'Broodje gezond',1.6250474,17,0.3300000,1.9550475,25,3,1,7.5845103,6.0000000,3.8361397,20,3,3,7,3,0,'2022-03-24 08:10:28','2022-06-16 07:37:32','2022-06-02 08:50:30','1','0',2.5277140,1),
(118,'Pizza salami',2.5918710,18,0.3049700,2.8968410,25,3,1,9.4920568,8.9499998,1.8338300,8,3,6,7,0,0,'2022-03-25 07:02:53','2022-03-25 07:12:58','2022-06-16 06:09:01','1','0',9.7449598,1),
(119,'Pizza hawaii',2.7717061,18,0.3049700,3.0766761,25,3,1,10.1214800,10.2500000,3.0039899,0,3,6,7,0,0,'2022-03-25 07:38:13','2022-03-25 10:44:36','2022-06-16 06:09:01','1','0',13.6331282,1),
(120,'Pizza tonno',3.2803271,18,0.3049700,3.5852971,25,3,1,11.9016523,12.5000000,4.7163301,1,3,6,7,0,0,'2022-03-25 11:22:08','2022-03-25 11:35:09','2022-06-16 06:09:01','1','0',7.9080806,1),
(121,'Pizza 4 veggie',2.8240962,18,0.3049700,3.1290662,25,3,1,10.3048449,10.5000000,3.1868300,1,3,6,7,0,0,'2022-03-25 11:27:57','2022-03-25 11:33:18','2022-06-16 06:09:01','1','0',10.6092482,1),
(122,'test',0.1646400,2,0.0000000,0.1646400,25,0,0,0.0000000,0.0000000,0.0000000,0,0,0,0,0,0,'2022-03-25 12:00:50',NULL,NULL,'0','1',0.0000000,1),
(123,'Bitter lemon',0.4500000,2,0.0000000,0.4500000,25,1,1,2.5506001,2.5999999,-4.1399999,-1,2,9,7,3,0,'2022-03-28 03:59:59',NULL,NULL,'0','1',0.0000000,1),
(124,'Bitter lemon',0.4500000,2,0.0000000,0.4500000,25,1,1,2.5506001,2.5999999,-4.1399999,-1,2,9,7,3,0,'2022-03-28 04:00:12',NULL,NULL,'0','1',0.0000000,1),
(125,'Bitter lemon light',0.4500000,1,0.0000000,0.4500000,25,1,1,2.6487000,2.5999999,-4.3400002,1,2,9,7,3,0,'2022-03-28 04:00:27',NULL,NULL,'0','1',0.0000000,1),
(126,'Bitter lemon',0.4500000,2,0.0000000,0.4500000,25,1,1,2.5506001,2.5999999,-4.1399999,-1,2,9,7,3,0,'2022-03-28 04:00:42',NULL,NULL,'0','1',0.0000000,1),
(129,NULL,0.0000000,NULL,0.0000000,0.0000000,25,NULL,NULL,NULL,NULL,NULL,NULL,NULL,NULL,NULL,NULL,NULL,'2022-03-29 04:59:39',NULL,NULL,'0','1',0.0000000,1),
(130,NULL,0.0000000,NULL,0.0000000,0.0000000,25,NULL,NULL,NULL,NULL,NULL,NULL,NULL,NULL,NULL,NULL,NULL,'2022-03-29 05:03:13',NULL,NULL,'0','1',0.0000000,1),
(131,'',0.0000000,0,0.0000000,0.0000000,25,0,0,0.0000000,0.0000000,0.0000000,0,0,0,7,3,0,'2022-03-29 05:06:24',NULL,NULL,'0','1',0.0000000,1),
(132,NULL,0.0000000,NULL,0.0000000,0.0000000,25,NULL,NULL,NULL,NULL,NULL,NULL,NULL,NULL,NULL,NULL,NULL,'2022-03-29 05:10:21',NULL,NULL,'0','1',0.0000000,1),
(133,'Pizza 4 veggie binnen',2.8240962,18,0.0000000,2.8240962,25,1,1,9.8843365,9.9499998,6.4418001,-7,3,6,7,0,0,'2022-03-29 07:15:56','2022-03-29 07:19:55','2022-06-16 06:09:01','1','0',10.6092482,1),
(134,'Pizza hawaii binnen',2.7717061,18,0.0000000,2.7717061,25,1,1,9.7009716,8.9499998,5.5089598,0,3,6,7,0,0,'2022-03-29 07:18:24','2022-03-29 07:20:36','2022-06-16 06:09:01','1','0',10.6092482,1),
(135,'Pizza kip teriyaki binnen',3.1647463,18,0.0000000,3.1647463,25,1,1,11.0766115,12.9499998,9.0818005,-22,3,6,7,3,0,'2022-03-29 07:21:08','2022-03-29 07:21:50','2022-06-16 06:09:01','1','0',13.4894524,1),
(136,'Pizza margherita binnen',2.2402923,18,0.0000000,2.2402923,25,1,1,7.8410230,7.2500000,4.2918000,-1,3,6,7,0,0,'2022-03-29 07:22:03','2022-03-29 07:22:44','2022-06-16 06:09:01','1','0',10.6092482,1),
(137,'Pizza salami binnen',2.5918710,18,0.0000000,2.5918710,25,1,1,9.0715485,8.5000000,5.1887999,0,3,6,7,0,0,'2022-03-29 07:23:03','2022-03-29 07:23:34','2022-06-16 06:09:01','1','0',10.6092482,1),
(138,'Pizza shoarma binnen',3.5207200,18,0.0000000,3.5207200,25,1,1,12.3225203,11.5000000,7.3984051,0,3,6,7,3,0,'2022-03-29 07:24:07','2022-03-29 07:24:46','2022-06-16 06:09:01','1','0',10.6092482,1),
(139,'Pizza speciale binnen',2.9423010,18,0.0000000,2.9423010,25,1,1,10.2980537,9.9499998,6.2937999,-1,3,6,7,3,0,'2022-03-29 07:25:03','2022-03-29 07:25:42','2022-06-16 06:09:01','1','0',10.6092482,1),
(140,'Pizza tonno binnen',3.2803271,18,0.0000000,3.2803271,25,1,1,11.4811449,11.2500000,7.2712998,-2,3,6,7,0,0,'2022-03-29 07:26:00','2022-03-29 07:26:54','2022-06-16 06:09:01','1','0',13.4894524,1),
(141,'Hoge heide burger binnen',3.3817334,14,0.0000000,3.3817334,25,1,1,11.8360662,14.5000000,10.3192997,-22,3,28,7,3,0,'2022-03-29 07:33:38','2022-03-29 07:49:41','2022-06-16 06:15:08','1','1',0.0000000,1),
(142,'borrelplank',5.6758881,26,0.0000000,5.6758881,25,1,1,19.8656082,19.9500008,13.6211004,0,3,14,7,3,0,'2022-03-29 07:50:31','2022-03-31 10:03:48','2022-06-02 08:40:38','1','0',25.3878632,1),
(143,'Hoge heide burger bezorging',3.6618333,14,0.3802200,4.0420532,25,1,1,13.2723007,14.5000000,9.6589804,-8,3,28,7,3,0,'2022-03-29 08:00:06','2022-03-29 10:17:49','2022-06-16 06:15:08','1','1',0.0000000,1),
(144,'Hoge heide burger binnen',3.4876332,14,0.0000000,3.4876332,25,1,1,12.2067165,14.5000000,11.8192997,-138,3,28,7,3,0,'2022-03-29 08:04:40',NULL,'2022-06-16 06:15:08','0','0',6.0685205,1),
(145,'vagan burger binnen',3.3817334,14,0.0000000,3.3817334,25,1,1,11.8360662,14.5000000,10.3192997,-22,3,28,7,3,0,'2022-03-29 08:05:46','2022-03-29 08:05:59','2022-06-16 06:15:08','1','0',6.0685205,1),
(146,'vegan burger binnen',3.4876332,14,0.0000000,3.4876332,25,1,1,12.2067165,14.5000000,10.1610003,-16,3,28,7,3,0,'2022-03-29 08:06:19','2022-03-29 08:07:57','2022-06-16 06:15:08','1','0',6.0685205,1),
(147,'vegan burger bezorging',3.7677333,14,0.3802200,4.1479535,25,3,1,13.7113333,14.5000000,9.5006800,9,3,28,7,3,0,'2022-03-29 08:08:14','2022-03-29 10:19:57','2022-06-16 06:15:08','1','0',16.0073109,1),
(148,'crispy chicken burger binnen',2.7096078,14,0.0000000,2.7096078,25,1,1,9.4836273,14.5000000,10.9392004,-53,3,28,7,3,0,'2022-03-29 08:13:27','2022-03-29 08:21:20','2022-06-16 06:15:08','1','0',8.9240961,1),
(149,'crispy chicken burger bezorging',2.9897079,14,0.3802200,3.3699279,25,1,1,10.9198618,14.5000000,10.2788801,-32,3,28,7,3,0,'2022-03-29 08:20:40','2022-03-29 10:18:28','2022-06-16 06:15:08','1','0',10.3603296,1),
(150,'vegan crispy chicken burger binnen',2.9779553,14,0.0000000,2.9779553,25,1,1,10.4228439,14.5000000,10.5908003,-34,3,28,7,3,0,'2022-03-29 08:47:50','2022-03-29 09:05:38','2022-06-16 06:15:08','1','0',10.3603296,1),
(151,'vegan crispy chicken burger bezorging',3.2580552,14,0.3802200,3.6382754,25,3,1,11.9274597,14.5000000,9.9304800,-2,3,28,7,3,0,'2022-03-29 09:05:52','2022-03-29 10:19:21','2022-06-16 06:15:08','1','0',14.1216707,1),
(152,'Varkens schnitzel binnen ',3.4850001,14,0.0000000,3.4850001,25,1,1,12.1975002,14.5000000,10.3369999,-23,3,28,7,3,0,'2022-03-29 09:08:26','2022-03-29 09:23:56','2022-05-19 06:12:24','1','1',0.0000000,1),
(153,'Varkens schnitzel bezorging',3.7651000,14,0.3802200,4.1453199,25,3,1,13.7021170,14.5000000,9.9567804,-3,3,28,7,3,0,'2022-03-29 09:24:09','2022-03-29 09:25:24','2022-05-19 06:12:24','1','1',0.0000000,1),
(154,'kipsaté binnen',3.0178449,14,0.0000000,3.0178449,25,1,1,11.5130787,14.5000000,11.0823669,-25,3,28,7,3,0,'2022-03-29 10:21:02','2022-06-16 08:16:44','2022-06-02 05:26:40','1','0',8.2415447,1),
(155,'kipsaté bezorging',3.2979450,14,0.3802200,3.6781650,25,3,1,14.9931755,14.5000000,10.4306469,3,3,28,7,3,0,'2022-03-29 10:41:46','2022-06-16 08:17:36','2022-06-02 05:26:40','1','0',11.2309113,1),
(156,'spare ribes binnen',5.1304951,14,0.0562083,5.1867032,25,1,1,18.0241261,19.5000000,13.2233047,0,3,28,7,3,0,'2022-03-29 10:43:59','2022-03-29 10:49:16','2022-05-19 05:59:30','1','0',19.6402225,1),
(157,'spare ribes bezorging',5.4105949,14,0.3802200,5.7908149,25,3,1,24.2618980,19.5000000,12.6191854,19,3,28,7,3,0,'2022-03-29 10:49:26','2022-03-29 10:50:30',NULL,'1','1',0.0000000,1),
(158,'pasta gamba\'s binnen',5.0102167,14,0.0000000,5.0102167,25,1,1,17.5357590,19.5000000,13.5129833,-4,3,31,7,3,0,'2022-03-29 10:51:37','2022-03-29 11:07:17','2022-06-16 06:24:55','1','0',18.6821194,1),
(159,'Tartufo nero',1.7012084,15,0.0000000,1.7012084,25,1,1,4.7633834,6.5000000,3.6380668,-20,3,27,7,3,0,'2022-03-29 11:18:52','2022-03-29 11:27:47','2022-06-02 08:46:44','1','0',5.0321832,1),
(160,'Test',70536.7187500,2,107.3728409,70644.0937500,25,0,0,11.6790686,0.0000000,0.0000000,0,0,0,0,0,0,'2022-03-29 11:19:05',NULL,'2022-06-16 08:36:15','0','2',11.6790686,1),
(161,'Tartufo Limoncello Citroen',1.8112082,15,0.0000000,1.8112082,25,1,1,5.0713830,6.5000000,3.4640667,-9,3,27,7,3,0,'2022-03-29 11:28:21','2022-03-29 11:29:43','2022-06-02 08:46:44','1','0',5.5193834,1),
(162,'Scroppino van limoen	',1.2024050,15,0.0000000,1.2024050,25,1,1,3.6697402,6.5000000,2.3608978,-77,3,27,7,3,0,'2022-03-29 11:33:51','2022-06-09 10:58:59',NULL,'1','1',0.0000000,1),
(163,'dame blache',1.6430650,15,0.0000000,1.6430650,25,1,1,4.6005821,5.9499998,3.1060851,-11,3,27,7,3,0,'2022-03-29 11:43:16','2022-03-29 11:54:30','2022-06-02 08:46:44','1','0',5.0485821,1),
(164,'crème brûlée ',0.7092000,0,0.0000000,0.7092000,25,0,0,0.0000000,0.0000000,0.0000000,0,0,0,0,0,0,'2022-03-29 11:59:06',NULL,NULL,'0','1',0.0000000,1),
(165,'crème Brûlée ',1.5988373,15,0.0000000,1.5988373,25,1,1,4.8796515,5.5000000,3.5605676,-12,3,34,7,3,0,'2022-03-29 12:00:35','2022-06-16 07:55:29','2022-06-02 08:46:44','1','0',4.6895914,1),
(166,'chocolade brownie met ijs slagroom binnen',1.3699661,15,0.0000000,1.3699661,25,1,1,3.8359053,5.5000000,2.9291837,-21,3,11,7,3,0,'2022-03-31 01:43:54','2022-03-31 06:37:27','2022-06-02 08:46:44','1','0',4.2839055,1),
(167,'breekbrood kruiden boter',1.4921499,13,0.0000000,1.4921499,25,1,1,5.2225251,5.5000000,2.7858081,23,3,3,7,3,0,'2022-03-31 02:19:01','2022-03-31 02:19:01','2022-05-31 07:07:56','1','0',4.9600248,1),
(168,'runder carpaccio binnen',3.2953300,13,0.0748000,3.3701301,25,1,1,11.6233406,10.5000000,6.5033331,-9,3,28,7,3,0,'2022-03-31 02:34:21','2022-03-31 02:34:21','2022-06-02 08:42:03','1','0',7.8146324,1),
(169,'runder carpaccio bezorging',3.2232549,13,0.3529700,3.5762250,25,3,1,11.7680855,10.9499998,6.7399631,12,3,28,7,3,0,'2022-03-31 02:35:32','2022-03-31 02:41:48','2022-06-16 06:10:46','1','0',7.8146324,1),
(170,'zalm carpaccio binnen',3.0898635,13,0.0748000,3.1646636,25,1,1,10.9042082,10.9499998,7.2727566,-14,3,31,7,3,0,'2022-03-31 02:49:32','2022-03-31 03:00:37','2022-06-02 08:56:12','1','0',13.4894524,1),
(171,'zalm carpaccio bezorging',3.0898635,13,0.3529700,3.4428337,25,3,1,11.3012152,11.5000000,7.5445867,0,3,31,7,3,0,'2022-03-31 03:00:52','2022-03-31 03:02:11','2022-06-02 08:56:12','1','0',13.4894524,1),
(172,'pikante gamba\'s binnen',2.5387001,13,0.0000000,2.5387001,25,1,1,8.8854504,10.9499998,7.3790913,-15,3,31,7,3,0,'2022-03-31 03:10:41','2022-03-31 03:39:51','2022-06-02 09:02:22','1','0',4.9600248,1),
(173,'tomaten soep binnen',1.0277250,13,0.0000000,1.0277250,25,1,1,3.5970376,5.5000000,3.4225667,-46,3,5,7,3,0,'2022-03-31 03:42:57','2022-03-31 04:01:56','2022-06-02 08:42:03','1','0',2.5277140,1),
(174,'tomaten soep bezorging',0.5826500,13,0.0000000,0.5826500,25,3,1,2.0392749,4.5000000,2.8338499,-78,3,5,7,3,0,'2022-03-31 03:56:44','2022-03-31 04:00:31','2022-06-02 08:42:03','1','0',2.5277140,1),
(175,'proeverij vlees binnen',3.1611736,13,0.0000000,3.1611736,25,1,1,11.0641069,12.9499998,8.9596796,-17,3,3,7,3,0,'2022-03-31 04:17:46','2022-03-31 04:31:48','2022-06-16 05:53:42','1','0',2.5277140,1),
(176,'proeverijtje vis binnen',4.3000398,13,0.0000000,4.3000398,25,1,1,15.0501404,12.9499998,7.8336802,15,3,3,7,3,0,'2022-03-31 04:22:43','2022-03-31 04:32:39','2022-05-31 07:02:49','1','0',14.0946398,1),
(177,'proeverijtje vegetarisch binnen',2.9094913,13,0.0511400,2.9606311,25,1,1,10.2445364,12.9499998,8.9845753,-19,3,3,7,3,0,'2022-03-31 04:28:39','2022-03-31 04:32:20','2022-06-02 08:50:30','1','0',2.5277140,1),
(178,'Carpaccio salade binnen',3.7019341,16,0.0000000,3.7019341,25,1,1,12.9567690,12.5000000,8.1127329,0,3,22,7,3,0,'2022-03-31 04:34:54','2022-03-31 04:36:23','2022-06-16 06:10:46','1','0',13.4894524,1),
(179,'Kip teriyaki salade binnen',2.9076250,16,0.0000000,2.9076250,25,1,1,10.1766872,12.5000000,8.6104002,-17,3,13,7,3,0,'2022-03-31 04:36:39','2022-03-31 04:37:00','2022-06-02 08:40:38','1','0',10.6804743,1),
(180,'zalm salade bezorging',3.5398290,16,0.8753000,4.4151292,25,3,1,13.5963097,12.5000000,7.4849567,14,3,22,7,3,0,'2022-03-31 04:38:22','2022-03-31 04:42:14','2022-06-02 08:56:12','1','0',10.6804743,1),
(181,'zalm salade binnen',3.5398290,16,0.0000000,3.5398290,25,1,1,12.3894014,12.5000000,8.3602571,-7,3,22,7,3,0,'2022-03-31 04:42:25','2022-03-31 04:42:43','2022-06-02 08:56:12','1','0',10.6804743,1),
(182,'gamba salade bezorging',3.2302923,16,0.8753000,4.1055923,25,3,1,12.5129309,12.5000000,7.3834567,16,3,22,7,3,0,'2022-03-31 04:43:08','2022-03-31 04:49:46','2022-06-02 08:44:36','1','0',2.5277140,1),
(183,'gamba salade binnen',3.2302923,16,0.0000000,3.2302923,25,1,1,11.3060236,12.5000000,8.2587566,-3,3,22,7,3,0,'2022-03-31 04:46:46','2022-03-31 04:50:31','2022-06-02 08:44:36','1','0',2.5277140,1),
(184,'zalm salade bezorging',3.5398290,16,0.8753000,4.4151292,25,3,1,13.5963097,12.5000000,7.4849567,14,3,22,7,3,0,'2022-03-31 04:47:31',NULL,'2022-06-02 08:56:12','0','0',10.6804743,1),
(185,'caprese salade bezorging',2.6957586,16,0.8753000,3.5710585,25,3,1,10.6420622,12.5000000,8.1007004,-5,3,22,7,3,0,'2022-03-31 04:50:47','2022-03-31 04:53:51','2022-06-02 08:50:30','1','0',12.0219936,1),
(186,'caprese salade binnen',2.6957586,16,0.0000000,2.6957586,25,1,1,9.4351549,12.5000000,8.9759998,-34,3,22,7,3,0,'2022-03-31 04:54:03','2022-03-31 04:54:23','2022-06-02 08:50:30','1','0',12.0219936,1),
(187,'kinderfrietjes + dessert binnen',1.8967211,14,0.0260800,1.9228011,25,1,1,6.6697936,8.5000000,5.4868898,-16,3,8,7,3,0,'2022-03-31 04:59:16','2022-03-31 05:34:52','2022-06-16 06:17:04','1','0',7.2134604,1),
(188,'kinder pizza + dessert binnen',3.1283188,14,0.0000000,3.1283188,25,1,1,10.9491158,8.5000000,4.4052567,25,3,8,7,3,0,'2022-03-31 05:07:31','2022-03-31 05:34:31','2022-06-16 06:09:01','1','0',8.6154947,1),
(189,'kinder pasta bolognaise + dessert binnen',2.3233700,14,0.0000000,2.3233700,25,1,1,8.1317949,8.5000000,5.0507798,5,3,8,7,3,0,'2022-03-31 05:10:35','2022-03-31 05:34:01','2022-06-16 06:09:01','1','0',8.6154947,1),
(190,'red velvet muffin binnen',0.9816667,15,0.0000000,0.9816667,25,1,1,2.7486668,1.8500000,-0.1753000,35,3,11,7,3,0,'2022-03-31 05:38:47','2022-03-31 06:30:09','2022-05-22 08:49:14','1','1',0.0000000,1),
(191,'choclade overkill muffin binnen',1.1079167,15,0.0000000,1.1079167,25,1,1,3.1021669,1.8500000,-0.1254000,31,3,11,7,3,0,'2022-03-31 05:38:59','2022-03-31 05:42:16','2022-05-22 08:48:37','1','0',2.7022407,1),
(192,'donut raspberry binnen',0.7539583,15,0.0000000,0.7539583,25,1,1,2.1110833,1.8500000,0.0423000,15,3,11,7,3,0,'2022-03-31 05:41:54','2022-03-31 05:41:54','2022-05-19 06:09:50','1','1',0.0000000,1),
(193,'donut oreo binnen',0.7847917,15,0.0000000,0.7847917,25,1,1,2.1974168,1.8500000,0.0127000,18,3,11,7,3,0,'2022-03-31 06:31:32','2022-03-31 06:31:32','2022-05-19 06:10:04','1','1',0.0000000,1),
(194,'chocolade brownie gebak binnen',1.0447612,15,0.0000000,1.0447612,25,1,1,2.9253314,3.2500000,1.0172888,6,3,11,7,3,0,'2022-03-31 06:36:56','2022-03-31 06:36:56','2022-06-02 08:46:44','1','0',3.2837315,1),
(195,'nogatine',1.9500000,15,0.0000000,1.9500000,25,1,1,5.9513998,3.5000000,0.4600000,41,3,11,7,3,0,'2022-03-31 06:41:42','2022-03-31 06:41:42',NULL,'1','1',0.0000000,1),
(196,'spicy chicken fries binnen',3.1856670,19,0.0000000,3.1856670,25,1,1,7.9641676,9.5000000,5.4991331,-19,3,8,7,3,0,'2022-03-31 06:44:48','2022-03-31 07:26:15','2022-06-16 06:09:01','1','0',2.5277140,1),
(197,'Mexican fries binnen',2.8519120,14,0.0000000,2.8519120,25,1,1,9.9816923,9.5000000,6.0915298,0,3,8,7,3,0,'2022-03-31 07:17:01','2022-04-26 07:09:30','2022-06-16 08:43:04','1','0',8.9985285,1),
(198,'Parmezaan truffel friet',2.1800499,19,0.0000000,2.1800499,25,1,1,5.4501252,6.9499998,3.9078000,-30,3,8,7,3,0,'2022-03-31 07:25:26','2022-03-31 07:25:26','2022-06-02 02:14:21','1','1',0.0000000,1),
(199,'Mini gehaktballetjes saté saus 12 stuks',2.2521000,26,0.0085200,2.2606201,25,1,1,7.8925657,8.2500000,5.1519799,-8,3,23,7,3,0,'2022-03-31 07:29:12','2022-03-31 07:46:12','2022-06-02 01:51:39','1','0',7.0651655,1),
(200,'Mini gehaktballetjes saté saus 48 stuks',8.1876001,26,0.0340800,8.2216797,25,1,1,31.2765560,29.9500008,19.2553844,4,3,23,7,3,0,'2022-03-31 07:46:28','2022-06-16 08:26:36','2022-06-02 01:51:39','1','0',25.3878632,1),
(201,'borrelmaatjes 12 stuks',3.6836934,19,0.0641800,3.7478735,25,1,1,10.1150169,9.9499998,5.3544869,1,3,23,7,3,0,'2022-03-31 07:57:29','2022-06-16 06:55:54','2022-05-19 06:02:58','1','0',8.4721212,1),
(202,'borrelmaatjes 24 stuks',7.2270269,19,0.0902600,7.3172870,25,1,1,18.1757889,19.5000000,11.6726999,-6,3,23,7,3,0,'2022-03-31 07:57:39','2022-03-31 08:04:17','2022-05-19 06:02:58','1','0',16.4851208,1),
(203,'borrelmaatjes 48 stuks',14.4540539,19,0.0902600,14.5443144,25,1,1,36.2433586,37.5000000,23.0183010,-3,3,23,7,3,0,'2022-03-31 07:59:01','2022-03-31 08:04:53','2022-05-19 06:02:58','1','0',32.8620224,1),
(204,'Bourgondische bitterballen 12 stuks',4.3155203,19,0.0641800,4.3797002,25,1,1,10.8657532,11.5000000,6.1574998,0,3,23,7,3,0,'2022-03-31 08:07:52','2022-03-31 08:07:52','2022-05-22 08:47:57','1','0',15.3604107,1),
(205,'Bourgondische bitterballen 24 stuks',8.3555212,19,0.0641800,8.4197006,25,1,1,20.9657536,21.5000000,12.2095003,3,3,23,7,3,0,'2022-03-31 08:08:34','2022-03-31 08:09:56','2022-05-22 08:47:57','1','0',15.3604107,1),
(206,'Bourgondische bitterballen 48 stuks',16.7110424,19,0.0902600,16.8013020,25,1,1,41.8858261,39.9500008,22.4971008,10,3,23,7,3,0,'2022-03-31 08:10:12','2022-03-31 08:19:12','2022-05-22 08:47:57','1','0',15.3604107,1),
(207,'Chicken hot wings 12 stuks',3.8766420,19,0.0260800,3.9027219,25,1,1,9.7228746,9.5000000,4.9619999,-1,3,23,7,3,0,'2022-03-31 08:58:26','2022-03-31 08:58:50','2022-05-19 06:01:29','1','0',44.4623985,1),
(208,'Chicken hot wings 24 stuks',7.6065240,19,0.0260800,7.6326041,25,1,1,19.0475807,17.9500008,10.1264000,1,3,23,7,3,0,'2022-03-31 08:59:03','2022-03-31 09:01:07','2022-05-19 06:01:29','1','0',44.4623985,1),
(209,'Chicken hot wings 48 stuks',15.2130480,19,0.0521600,15.2652082,25,1,1,38.0951614,34.5000000,19.9428005,5,3,23,7,3,0,'2022-03-31 09:01:15','2022-03-31 09:03:33','2022-05-19 06:01:29','1','0',44.4623985,1),
(210,'Kaasstengels 12 stuks',4.0207596,19,0.0641800,4.0849395,25,1,1,10.1288509,9.9499998,5.1518998,0,3,23,7,3,0,'2022-03-31 09:26:56','2022-03-31 09:27:57','2022-05-19 06:01:29','1','0',44.4623985,1),
(211,'Kaasstengels 24 stuks',7.8947592,19,0.0641800,7.9589391,25,1,1,19.8138504,18.9500008,10.6443005,3,3,23,7,3,0,'2022-03-31 09:28:05','2022-03-31 09:29:01','2022-05-19 06:01:29','1','0',44.4623985,1),
(212,'Kaasstengels 48 stuks',15.7895184,19,0.0902600,15.8797789,25,1,1,39.5820160,37.9500008,22.4666996,2,3,23,7,3,0,'2022-03-31 09:29:21','2022-03-31 09:34:01','2022-05-19 06:01:29','1','0',44.4623985,1),
(213,'borrel frikandellen 12 stuks ',1.6835600,19,0.0641800,1.7477400,25,1,1,4.2858520,5.9499998,3.1227000,-28,3,23,7,3,0,'2022-03-31 10:11:47','2022-03-31 10:43:20','2022-05-19 06:01:29','1','0',4.6418195,1),
(214,'borrel frikandellen 24 stuks ',3.2267599,19,0.0641800,3.2909400,25,1,1,8.1438522,9.9499998,5.5795002,-12,3,23,7,3,0,'2022-03-31 10:41:48','2022-03-31 10:42:52','2022-05-19 06:01:29','1','0',8.8470392,1),
(215,'borrel frikandellen 48 stuks ',6.4535203,19,0.0902600,6.5437803,25,1,1,16.2420216,18.9500008,11.3371000,-7,3,23,7,3,0,'2022-03-31 10:44:14','2022-03-31 10:45:07','2022-05-19 06:01:29','1','0',17.6483974,1),
(216,'nacho naturel',2.8892255,19,0.0381000,2.9273255,25,1,1,7.2687454,7.9499998,4.2600999,-13,3,2,7,3,0,'2022-03-31 10:57:32','2022-03-31 10:57:32','2022-06-16 08:43:04','1','0',6.5664854,1),
(217,NULL,0.0000000,NULL,0.0000000,0.0000000,25,NULL,NULL,NULL,NULL,NULL,NULL,NULL,NULL,NULL,NULL,NULL,'2022-03-31 10:59:11',NULL,NULL,'0','1',0.0000000,1),
(218,'vlammetjes 12 stuks',3.5923333,19,0.0511400,3.6434731,25,1,1,9.0421495,8.9499998,4.5551000,0,3,0,7,3,0,'2022-03-31 11:04:17','2022-03-31 11:04:17','2022-06-16 06:21:36','1','0',8.3671503,1),
(219,'vlammetjes 24 stuks',7.1006665,19,0.0511400,7.1518064,25,1,1,17.8129826,16.5000000,8.9335003,6,3,0,7,3,0,'2022-03-31 11:04:27','2022-03-31 11:05:09','2022-06-16 06:21:36','1','0',16.4629822,1),
(220,'vlammetjes 48 stuks',14.2013330,19,0.0641800,14.2655125,25,1,1,35.5802841,32.0000000,17.9951000,8,3,0,7,3,0,'2022-03-31 11:05:20','2022-03-31 11:06:27','2022-06-16 06:21:36','1','0',32.8802834,1),
(221,'Victoria blond',1.3770833,6,0.0000000,1.3770833,25,1,2,5.6653209,5.6999998,3.1129167,0,1,1,7,3,0,'2022-04-28 03:18:36','2022-04-28 03:18:36',NULL,'1','1',0.0000000,1),
(222,'Hertog Jan tapje',0.6125000,5,0.0000000,0.6125000,25,1,2,2.8903875,3.0000000,1.1775000,-3,1,1,7,3,0,'2022-04-28 03:48:56','2022-04-28 03:48:56',NULL,'1','1',0.0000000,1),
(223,'Hertog Jan Tafeltap',7.3499999,5,0.0000000,7.3499999,25,1,2,34.6846504,34.0000000,25.4400005,1,1,1,7,3,0,'2022-04-28 03:54:12','2022-04-28 03:54:12',NULL,'1','1',0.0000000,1),
(224,'Leffe Tripel',1.2187999,6,0.0000000,1.2187999,25,1,2,5.0141430,4.5000000,2.0712001,10,1,1,7,3,0,'2022-04-28 03:57:11','2022-04-28 03:57:11',NULL,'1','1',0.0000000,1),
(225,'borrelplank',5.6758881,26,0.0000000,5.6758881,25,1,1,19.8656082,19.9500008,13.6211004,0,3,14,7,3,0,'2022-04-28 06:41:27',NULL,'2022-06-02 08:40:38','0','0',25.3878632,1),
(226,'borrelplank',5.6758881,26,0.0000000,5.6758881,25,1,1,19.8656082,19.9500008,13.6211004,0,3,14,7,3,0,'2022-04-28 06:44:12',NULL,'2022-06-02 08:40:38','0','0',25.3878632,1),
(227,NULL,0.0000000,NULL,0.0000000,0.0000000,25,NULL,NULL,NULL,NULL,NULL,NULL,NULL,NULL,NULL,NULL,NULL,'2022-04-28 07:07:11',NULL,NULL,'0','1',0.0000000,1),
(228,'bourgondische kroket afhaal',0.7905000,17,0.1801040,0.9706040,25,2,1,2.9934919,3.0000000,1.0093960,3,3,23,7,3,0,'2022-04-28 08:21:27','2022-04-28 08:22:23','2022-06-16 05:53:42','1','1',0.0000000,1),
(229,'Steengril volwassen vlees',6.9882927,14,0.0000000,6.9882927,25,1,1,26.6603374,21.0000000,12.2777624,21,3,34,7,3,0,'2022-05-13 08:44:25','2022-05-22 10:55:39',NULL,'1','1',0.0000000,1),
(230,'Bitter lemon',0.4500000,2,0.0000000,0.4500000,25,1,1,2.5506001,2.5999999,-4.1399999,-1,2,9,7,3,0,'2022-05-17 05:16:12',NULL,NULL,'0','1',0.0000000,1),
(231,'Test123',0.4312500,2,0.0000000,0.4312500,25,1,1,2.4443250,2.5999999,1.0787500,-6,1,9,5,2,0,'2022-05-17 05:21:36','2022-05-17 05:21:36',NULL,'1','1',0.0000000,1),
(232,'steengrill vlees kind',4.3382926,14,0.0000000,4.3382926,25,1,1,16.5505867,16.5000000,10.7993221,0,3,34,7,3,0,'2022-05-19 03:19:00','2022-05-19 03:19:00',NULL,'1','1',0.0000000,1),
(233,'steengrill vega volwassen',7.8882923,14,0.0000000,7.8882923,25,1,1,30.0938358,30.0000000,19.6346436,0,3,34,7,3,0,'2022-05-19 03:22:10','2022-05-19 03:22:10',NULL,'1','1',0.0000000,1),
(234,'Steengrill vega kind',4.7382927,14,0.0000000,4.7382927,25,1,1,18.0765858,16.5000000,10.3993216,8,3,34,7,3,0,'2022-05-19 04:27:41','2022-05-19 04:27:41',NULL,'1','1',0.0000000,1),
(235,'steengrill allen kip volwassen',6.9882927,14,0.0000000,6.9882927,25,1,1,26.6603374,26.5000000,17.3236332,0,3,34,7,3,0,'2022-05-19 04:29:09','2022-05-19 04:29:09',NULL,'1','1',0.0000000,1),
(236,'steengrill alleen kip kind',4.3382926,14,0.0000000,4.3382926,25,1,1,16.5505867,16.5000000,10.7993221,0,3,34,7,3,0,'2022-05-19 04:30:44','2022-05-19 04:30:44',NULL,'1','1',0.0000000,1),
(237,'steengrill glutenvrij volwassen',7.8882923,14,0.0000000,7.8882923,25,1,1,30.0938358,26.5000000,16.4236336,11,3,34,7,3,0,'2022-05-19 05:31:08','2022-05-19 05:31:08',NULL,'1','1',0.0000000,1),
(238,'steengrill glutenvrij kind',4.7382927,14,0.0000000,4.7382927,25,1,1,18.0765858,16.5000000,10.3993216,8,3,34,7,3,0,'2022-05-19 05:32:25','2022-05-19 05:32:25',NULL,'1','1',0.0000000,1),
(239,'steengrill zonder varken volwassen',7.8882923,14,0.0000000,7.8882923,25,1,1,30.0938358,29.0000000,18.7172127,3,3,34,7,3,0,'2022-05-19 05:41:16','2022-05-19 05:41:16',NULL,'1','1',0.0000000,1),
(240,'steengrill zonder varken kind',4.7382927,14,0.0000000,4.7382927,25,1,1,18.0765858,17.2500000,11.0873957,4,3,34,7,3,0,'2022-05-19 05:42:24','2022-05-19 05:42:24',NULL,'1','1',0.0000000,1),
(241,'kinderfrietjes + snacks',0.9357461,20,0.0000000,0.9357461,25,1,1,5.1466036,5.7500000,4.3441501,-3,3,34,7,3,0,'2022-05-22 10:47:31','2022-05-22 10:47:31','2022-06-16 06:17:04','1','0',5.5818210,1),
(242,NULL,0.0000000,NULL,0.0000000,0.0000000,NULL,NULL,NULL,NULL,NULL,NULL,NULL,NULL,NULL,NULL,NULL,NULL,'2022-06-09 08:47:26',NULL,NULL,'0','1',0.0000000,1),
(243,NULL,0.0000000,NULL,0.0000000,0.0000000,NULL,NULL,NULL,NULL,NULL,NULL,NULL,NULL,NULL,NULL,NULL,NULL,'2022-06-09 09:24:09',NULL,NULL,'0','1',0.0000000,1),
(244,NULL,0.0000000,NULL,0.0000000,0.0000000,NULL,NULL,NULL,NULL,NULL,NULL,NULL,NULL,NULL,NULL,NULL,NULL,'2022-06-09 09:25:23',NULL,NULL,'0','1',0.0000000,1),
(246,NULL,0.0000000,NULL,0.0000000,0.0000000,NULL,NULL,NULL,NULL,NULL,NULL,NULL,NULL,NULL,NULL,NULL,NULL,'2022-06-16 03:16:01',NULL,NULL,'0','1',0.0000000,1),
(247,'Mini gehaktballetjes saté saus 24 stuks',4.6068001,26,0.0340800,4.6408801,25,1,1,17.6158047,15.9499998,9.9921474,9,3,23,7,3,0,'2022-06-16 08:26:56','2022-06-16 08:27:25',NULL,'1','0',25.3878632,1),
(248,'Mini gehaktballetjes saté saus 48 stuks',8.1876001,26,0.0340800,8.2216797,25,1,1,31.2765560,29.9500008,19.2553844,4,3,23,7,3,0,'2022-06-16 08:27:29',NULL,NULL,'0','0',25.3878632,1),
(250,'Bitter lemon',0.4500000,2,0.0000000,0.4500000,25,1,1,2.5506001,2.5999999,-4.1399999,-1,2,9,7,3,0,'2022-06-16 20:20:08',NULL,NULL,'0','1',0.0000000,1),
(251,'Bitter lemon',0.4500000,2,0.0000000,0.4500000,25,1,1,2.5506001,2.5999999,-4.1399999,-1,2,9,7,3,0,'2022-06-16 20:21:59',NULL,NULL,'0','1',0.0000000,1),
(252,'Bitter lemon',0.4500000,2,0.0000000,0.4500000,25,1,1,2.5506001,2.5999999,-4.1399999,-1,2,9,7,3,0,'2022-06-16 20:22:32',NULL,NULL,'0','1',0.0000000,1);

/*Table structure for table `ticket_inkoopartikelens_disposables` */

DROP TABLE IF EXISTS `ticket_inkoopartikelens_disposables`;

CREATE TABLE `ticket_inkoopartikelens_disposables` (
  `id` int(10) unsigned NOT NULL AUTO_INCREMENT,
  `ticket_id` int(11) DEFAULT NULL,
  `leverancierslijst_id` int(11) DEFAULT NULL,
  `netto_prijs` varchar(50) DEFAULT NULL,
  `eenheid_kleinste` float(13,7) DEFAULT NULL,
  `benodigde_hoeveelheid` int(10) unsigned DEFAULT NULL,
  `kostprijs` float(13,7) DEFAULT NULL,
  `type` enum('1','2') DEFAULT NULL,
  `created_at` datetime DEFAULT NULL,
  `company_id` int(3) DEFAULT NULL,
  PRIMARY KEY (`id`)
) ENGINE=InnoDB AUTO_INCREMENT=1929 DEFAULT CHARSET=utf8;

/*Data for the table `ticket_inkoopartikelens_disposables` */

insert  into `ticket_inkoopartikelens_disposables`(`id`,`ticket_id`,`leverancierslijst_id`,`netto_prijs`,`eenheid_kleinste`,`benodigde_hoeveelheid`,`kostprijs`,`type`,`created_at`,`company_id`) values 
(7,15,1,'Stuks',0.0166000,5,0.0830000,'1','2022-03-11 06:03:28',1),
(8,15,1,'Stuks',0.0166000,5,0.0830000,'2','2022-03-11 06:03:37',1),
(21,29,24,'Stuks',0.4312500,1,0.4312500,'1','2022-03-16 08:28:44',1),
(22,24,24,'Stuks',0.4312500,1,0.4312500,'1','2022-03-16 08:29:28',1),
(23,30,25,'Stuks',0.5200000,1,0.5200000,'1','2022-03-16 08:34:01',1),
(27,34,25,'Stuks',0.5200000,1,0.5200000,'1','2022-03-16 09:04:12',1),
(29,36,85,'Stuks',0.1000000,1,0.1000000,'1','2022-03-16 09:36:55',1),
(30,36,249,'Stuks',0.0200000,1,0.0200000,'1','2022-03-16 09:37:04',1),
(31,36,248,'Stuks',0.0500000,1,0.0500000,'1','2022-03-16 09:37:13',1),
(32,36,229,'Stuks',0.1700000,1,0.1700000,'1','2022-03-16 09:41:46',1),
(33,39,229,'Stuks',0.1700000,11,1.9200000,'1','2022-03-16 10:22:52',1),
(34,39,248,'Stuks',0.0500000,11,0.5900000,'1','2022-03-16 10:23:01',1),
(35,39,85,'Stuks',0.1000000,11,1.0700001,'1','2022-03-16 10:23:10',1),
(36,39,249,'Stuks',0.0200000,11,0.1700000,'1','2022-03-16 10:23:21',1),
(37,40,1,'Stuks',0.0166000,5,0.0830000,'1','2022-03-16 16:53:22',1),
(38,40,1,'Stuks',0.0166000,5,0.0830000,'2','2022-03-16 16:53:22',1),
(41,38,618,'Stuks',0.6833000,1,0.6833000,'1','2022-03-17 05:18:29',1),
(51,38,605,'Stuks',0.3300000,1,0.3300000,'2','2022-03-17 05:55:35',1),
(54,38,525,'Gram',0.0135000,2,0.0270000,'1','2022-03-17 06:07:15',1),
(55,38,539,'Gram',0.0140000,3,0.0420000,'1','2022-03-17 06:07:27',1),
(56,38,608,'Gram',0.0035000,100,0.3500000,'1','2022-03-17 06:28:58',1),
(61,38,613,'Gram',0.0100000,10,0.1000000,'1','2022-03-17 06:54:28',1),
(62,38,614,'Gram',0.0100000,5,0.0500000,'1','2022-03-17 07:03:36',1),
(63,44,618,'Stuks',0.6833000,1,0.6833000,'1','2022-03-17 07:29:50',1),
(64,44,613,'Gram',0.0100000,10,0.1000000,'1','2022-03-17 07:30:20',1),
(65,44,615,'Gram',0.0100000,100,1.0000000,'1','2022-03-17 07:30:36',1),
(66,44,614,'Gram',0.0100000,5,0.0500000,'1','2022-03-17 07:30:52',1),
(67,44,525,'Gram',0.0135000,3,0.0405000,'1','2022-03-17 07:31:11',1),
(68,44,539,'Gram',0.0140000,3,0.0420000,'1','2022-03-17 07:31:23',1),
(69,44,463,'Gram',0.0052222,10,0.0522220,'1','2022-03-17 07:31:42',1),
(70,44,605,'Stuks',0.3300000,1,0.3300000,'2','2022-03-17 07:32:03',1),
(71,43,620,'Gram',0.0038500,90,0.3465000,'1','2022-03-17 07:49:13',1),
(72,43,559,'Gram',0.0149500,80,1.1960000,'1','2022-03-17 07:53:53',1),
(73,43,614,'Gram',0.0100000,15,0.1500000,'1','2022-03-17 07:54:17',1),
(74,43,613,'Gram',0.0100000,15,0.1500000,'1','2022-03-17 07:54:30',1),
(75,43,525,'Gram',0.0135000,5,0.0675000,'1','2022-03-17 07:54:41',1),
(76,43,484,'Gram',0.0352667,10,0.3526670,'1','2022-03-17 07:54:52',1),
(77,43,452,'Gram',0.0106850,15,0.1602750,'1','2022-03-17 07:55:19',1),
(78,43,522,'Gram',0.0025000,30,0.0750000,'1','2022-03-17 07:55:40',1),
(79,43,539,'Gram',0.0140000,10,0.1400000,'1','2022-03-17 07:58:34',1),
(80,43,587,'Stuks',0.0381000,1,0.0381000,'2','2022-03-17 07:59:31',1),
(81,43,607,'Gram',0.0037000,30,0.1110000,'1','2022-03-17 08:18:52',1),
(82,45,620,'Gram',0.0038500,90,0.3465000,'1','2022-03-17 08:32:06',1),
(83,45,613,'Gram',0.0100000,15,0.1500000,'1','2022-03-17 08:32:28',1),
(84,45,614,'Gram',0.0100000,15,0.1500000,'1','2022-03-17 08:32:51',1),
(85,45,295,'Gram',0.0224500,90,2.0204999,'1','2022-03-17 08:33:48',1),
(86,45,525,'Gram',0.0135000,6,0.0810000,'1','2022-03-17 08:34:11',1),
(87,45,539,'Gram',0.0140000,10,0.1400000,'1','2022-03-17 08:34:24',1),
(88,45,428,'Mililiter',0.0042720,30,0.1281600,'1','2022-03-17 08:34:41',1),
(89,45,587,'Stuks',0.0381000,1,0.0381000,'2','2022-03-17 08:35:11',1),
(90,45,463,'Gram',0.0052222,15,0.0783330,'1','2022-03-17 08:37:02',1),
(91,42,620,'Gram',0.0038500,90,0.3465000,'1','2022-03-17 08:39:39',1),
(92,42,613,'Gram',0.0100000,15,0.1500000,'1','2022-03-17 08:39:49',1),
(93,42,614,'Gram',0.0100000,15,0.1500000,'1','2022-03-17 08:39:59',1),
(94,42,304,'Gram',0.0093100,90,0.8379000,'1','2022-03-17 08:42:00',1),
(95,42,314,'Gram',0.0180333,15,0.2704995,'1','2022-03-17 08:43:34',1),
(97,42,523,'Gram',0.0022500,30,0.0675000,'1','2022-03-17 08:47:43',1),
(98,42,525,'Gram',0.0135000,6,0.0810000,'1','2022-03-17 08:48:45',1),
(99,42,539,'Gram',0.0140000,10,0.1400000,'1','2022-03-17 08:48:56',1),
(100,42,306,'Mililiter',0.0081000,15,0.1215000,'1','2022-03-17 08:49:09',1),
(101,42,333,'Gram',0.0101900,30,0.3057000,'1','2022-03-17 08:51:33',1),
(102,42,587,'Stuks',0.0381000,1,0.0381000,'2','2022-03-17 08:52:36',1),
(110,47,620,'Gram',0.0038500,90,0.3465000,'1','2022-03-17 09:07:39',1),
(111,47,613,'Gram',0.0100000,15,0.1500000,'1','2022-03-17 09:07:50',1),
(112,47,614,'Gram',0.0100000,15,0.1500000,'1','2022-03-17 09:08:01',1),
(113,47,439,'Stuks',0.2150000,1,0.2150000,'1','2022-03-17 09:08:31',1),
(114,47,549,'Gram',0.0097000,40,0.3880000,'1','2022-03-17 09:09:01',1),
(115,47,587,'Stuks',0.0381000,1,0.0381000,'2','2022-03-17 09:09:30',1),
(116,47,564,'Gram',0.0100000,25,0.2500000,'1','2022-03-17 09:12:48',1),
(117,47,624,'Gram',0.0038000,30,0.1140000,'1','2022-03-17 09:45:36',1),
(118,47,439,'Stuks',0.2150000,1,0.2150000,'1','2022-03-17 09:53:50',1),
(119,47,525,'Gram',0.0135000,6,0.0810000,'1','2022-03-17 09:54:05',1),
(120,47,539,'Gram',0.0140000,10,0.1400000,'1','2022-03-17 09:54:16',1),
(121,41,618,'Stuks',0.6833000,1,0.6833000,'1','2022-03-17 09:57:00',1),
(122,41,613,'Gram',0.0100000,10,0.1000000,'1','2022-03-17 09:57:22',1),
(123,41,614,'Gram',0.0100000,10,0.1000000,'1','2022-03-17 09:57:35',1),
(124,41,303,'Stuks',0.7990000,1,0.7990000,'1','2022-03-17 09:57:51',1),
(125,41,525,'Gram',0.0135000,4,0.0540000,'1','2022-03-17 09:58:16',1),
(126,41,539,'Gram',0.0140000,5,0.0700000,'1','2022-03-17 09:58:30',1),
(127,41,587,'Stuks',0.0381000,1,0.0381000,'2','2022-03-17 09:58:45',1),
(128,41,157,'Gram',0.0086000,15,0.1290000,'1','2022-03-17 10:01:14',1),
(129,48,618,'Stuks',0.6833000,1,0.6833000,'1','2022-03-17 10:03:15',1),
(130,48,613,'Gram',0.0100000,10,0.1000000,'1','2022-03-17 10:03:15',1),
(131,48,614,'Gram',0.0100000,10,0.1000000,'1','2022-03-17 10:03:15',1),
(132,48,303,'Stuks',0.7990000,1,0.7990000,'1','2022-03-17 10:03:15',1),
(133,48,525,'Gram',0.0135000,4,0.0540000,'1','2022-03-17 10:03:15',1),
(134,48,539,'Gram',0.0140000,5,0.0700000,'1','2022-03-17 10:03:15',1),
(136,48,157,'Gram',0.0086000,15,0.1290000,'1','2022-03-17 10:03:15',1),
(137,49,618,'Stuks',0.6833000,1,0.6833000,'1','2022-03-17 10:03:26',1),
(138,49,613,'Gram',0.0100000,10,0.1000000,'1','2022-03-17 10:03:26',1),
(139,49,614,'Gram',0.0100000,10,0.1000000,'1','2022-03-17 10:03:26',1),
(140,49,303,'Stuks',0.7990000,1,0.7990000,'1','2022-03-17 10:03:26',1),
(141,49,525,'Gram',0.0135000,4,0.0540000,'1','2022-03-17 10:03:26',1),
(142,49,539,'Gram',0.0140000,5,0.0700000,'1','2022-03-17 10:03:26',1),
(143,49,587,'Stuks',0.0381000,1,0.0381000,'2','2022-03-17 10:03:26',1),
(144,49,157,'Gram',0.0086000,15,0.1290000,'1','2022-03-17 10:03:26',1),
(145,49,605,'Stuks',0.3300000,1,0.3300000,'2','2022-03-17 10:03:41',1),
(146,50,618,'Stuks',0.6833000,1,0.6833000,'1','2022-03-17 10:03:42',1),
(147,50,613,'Gram',0.0100000,10,0.1000000,'1','2022-03-17 10:03:42',1),
(148,50,614,'Gram',0.0100000,10,0.1000000,'1','2022-03-17 10:03:42',1),
(149,50,303,'Stuks',0.7990000,1,0.7990000,'1','2022-03-17 10:03:42',1),
(150,50,525,'Gram',0.0135000,4,0.0540000,'1','2022-03-17 10:03:42',1),
(151,50,539,'Gram',0.0140000,5,0.0700000,'1','2022-03-17 10:03:42',1),
(154,50,605,'Stuks',0.3300000,1,0.3300000,'2','2022-03-17 10:05:00',1),
(155,41,625,'Gram',0.0029000,15,0.0435000,'1','2022-03-17 10:10:31',1),
(156,50,625,'Gram',0.0029000,15,0.0435000,'1','2022-03-17 10:11:54',1),
(157,51,618,'Stuks',0.6833000,1,0.6833000,'1','2022-03-17 10:25:39',1),
(159,51,614,'Gram',0.0100000,10,0.1000000,'1','2022-03-17 10:26:09',1),
(160,51,628,'Gram',0.0082000,80,0.6560000,'1','2022-03-17 10:26:21',1),
(161,51,605,'Stuks',0.3300000,1,0.3300000,'2','2022-03-17 10:26:48',1),
(163,51,534,'Gram',0.0014375,10,0.0143750,'1','2022-03-17 10:28:46',1),
(165,52,29,'Stuks',0.4312000,1,0.4312000,'1','2022-03-17 10:36:26',1),
(169,56,31,'Stuks',0.4450000,1,0.4450000,'1','2022-03-17 10:38:13',1),
(172,59,31,'Stuks',0.4450000,1,0.4450000,'1','2022-03-17 10:39:13',1),
(173,60,32,'Stuks',0.4312000,1,0.4312000,'1','2022-03-17 10:40:21',1),
(174,61,35,'Stuks',0.6607000,1,0.6607000,'1','2022-03-17 10:41:01',1),
(175,62,228,'Stuks',1.0350000,1,1.0350000,'1','2022-03-17 10:41:50',1),
(176,63,33,'Stuks',0.4500000,1,0.4500000,'1','2022-03-17 10:42:49',1),
(177,64,34,'Stuks',0.8333333,1,0.8333333,'1','2022-03-17 10:43:24',1),
(178,65,87,'Stuks',0.4783000,1,0.4783000,'1','2022-03-17 10:44:04',1),
(179,66,72,'Stuks',0.4846000,1,0.4846000,'1','2022-03-17 10:45:34',1),
(180,67,73,'Stuks',0.4846000,1,0.4846000,'1','2022-03-17 10:47:46',1),
(181,68,74,'Stuks',0.4846000,1,0.4846000,'1','2022-03-17 10:48:59',1),
(182,69,249,'Stuks',0.0155000,1,0.0155000,'1','2022-03-17 10:54:21',1),
(183,69,538,'Gram',0.0200000,10,0.2000000,'1','2022-03-17 10:54:50',1),
(184,69,259,'Stuks',0.1407000,1,0.1407000,'1','2022-03-17 10:55:01',1),
(185,69,85,'Stuks',0.0971000,1,0.0971000,'1','2022-03-17 10:55:01',1),
(186,70,541,'Gram',0.0040000,10,0.0400000,'1','2022-03-17 10:56:23',1),
(188,70,85,'Stuks',0.0971000,1,0.0971000,'1','2022-03-17 10:56:45',1),
(189,70,249,'Stuks',0.0155000,1,0.0155000,'1','2022-03-17 10:56:54',1),
(190,70,259,'Stuks',0.1407000,1,0.1407000,'1','2022-03-17 10:57:05',1),
(191,70,614,'Gram',0.0100000,10,0.1000000,'1','2022-03-17 10:57:22',1),
(192,72,620,'Gram',0.0038500,90,0.3465000,'1','2022-03-17 11:00:10',1),
(195,72,614,'Gram',0.0100000,10,0.1000000,'1','2022-03-17 11:00:33',1),
(196,72,628,'Gram',0.0082000,150,1.2300000,'1','2022-03-17 11:01:05',1),
(197,72,587,'Stuks',0.0381000,1,0.0381000,'2','2022-03-17 11:01:26',1),
(198,51,630,'Gram',0.0021000,20,0.0420000,'1','2022-03-17 11:07:37',1),
(199,51,525,'Gram',0.0135000,4,0.0540000,'1','2022-03-17 11:08:02',1),
(200,51,539,'Gram',0.0140000,5,0.0700000,'1','2022-03-17 11:08:16',1),
(201,51,632,'Gram',0.0047391,20,0.0947820,'1','2022-03-17 11:14:52',1),
(202,72,630,'Gram',0.0021000,30,0.0630000,'1','2022-03-17 11:16:20',1),
(203,72,632,'Gram',0.0047391,30,0.1421730,'1','2022-03-17 11:16:31',1),
(204,72,534,'Gram',0.0014375,15,0.0215625,'1','2022-03-17 11:16:55',1),
(205,72,157,'Gram',0.0086000,15,0.1290000,'1','2022-03-17 11:17:12',1),
(206,73,637,'Stuks',0.3204000,1,0.3204000,'1','2022-03-17 11:20:58',1),
(207,73,85,'Stuks',0.0971000,1,0.0971000,'1','2022-03-17 11:21:05',1),
(208,73,249,'Stuks',0.0155000,1,0.0155000,'1','2022-03-17 11:21:13',1),
(209,57,620,'Gram',0.0038500,90,0.3465000,'1','2022-03-17 11:24:35',1),
(210,57,614,'Gram',0.0100000,10,0.1000000,'1','2022-03-17 11:25:35',1),
(211,57,640,'Gram',0.0092800,65,0.6032000,'1','2022-03-17 11:25:51',1),
(212,57,523,'Gram',0.0022500,50,0.1125000,'1','2022-03-17 11:26:35',1),
(213,57,641,'Gram',0.0226667,10,0.2266670,'1','2022-03-17 11:26:50',1),
(214,57,379,'Mililiter',0.0091200,10,0.0912000,'1','2022-03-17 11:27:14',1),
(215,57,525,'Gram',0.0135000,4,0.0540000,'1','2022-03-17 11:27:32',1),
(216,57,539,'Gram',0.0140000,6,0.0840000,'1','2022-03-17 11:27:42',1),
(217,57,157,'Gram',0.0086000,15,0.1290000,'1','2022-03-17 11:27:57',1),
(218,57,587,'Stuks',0.0381000,1,0.0381000,'2','2022-03-17 11:28:17',1),
(219,74,633,'Stuks',0.3204000,1,0.3204000,'1','2022-03-17 11:28:54',1),
(220,74,85,'Stuks',0.0971000,1,0.0971000,'1','2022-03-17 11:29:03',1),
(221,74,249,'Stuks',0.0155000,1,0.0155000,'1','2022-03-17 11:29:11',1),
(222,76,618,'Stuks',0.6833000,1,0.6833000,'1','2022-03-17 11:30:02',1),
(223,76,614,'Gram',0.0100000,10,0.1000000,'1','2022-03-17 11:30:02',1),
(224,76,640,'Gram',0.0092800,65,0.6032000,'1','2022-03-17 11:30:02',1),
(225,76,523,'Gram',0.0022500,50,0.1125000,'1','2022-03-17 11:30:02',1),
(226,76,641,'Gram',0.0226667,10,0.2266670,'1','2022-03-17 11:30:02',1),
(227,76,379,'Mililiter',0.0091200,10,0.0912000,'1','2022-03-17 11:30:02',1),
(228,76,525,'Gram',0.0135000,4,0.0540000,'1','2022-03-17 11:30:02',1),
(229,76,539,'Gram',0.0140000,6,0.0840000,'1','2022-03-17 11:30:02',1),
(232,75,638,'Stuks',0.3204000,1,0.3204000,'1','2022-03-17 11:30:10',1),
(233,75,85,'Stuks',0.0971000,1,0.0971000,'1','2022-03-17 11:30:21',1),
(234,76,605,'Stuks',0.3300000,1,0.3300000,'2','2022-03-17 11:30:55',1),
(236,75,249,'Stuks',0.0155000,1,0.0155000,'1','2022-03-17 11:32:33',1),
(237,71,631,'Stuks',0.3204000,1,0.3204000,'1','2022-03-17 11:33:26',1),
(238,71,85,'Stuks',0.0971000,1,0.0971000,'1','2022-03-17 11:33:33',1),
(239,71,249,'Stuks',0.0155000,1,0.0155000,'1','2022-03-17 11:33:40',1),
(240,77,635,'Stuks',0.3204000,1,0.3204000,'1','2022-03-17 11:34:30',1),
(241,78,620,'Gram',0.0038500,180,0.6930000,'1','2022-03-17 11:34:47',1),
(242,77,85,'Stuks',0.0971000,1,0.0971000,'1','2022-03-17 11:35:05',1),
(243,78,628,'Gram',0.0082000,75,0.6150000,'1','2022-03-17 11:35:10',1),
(244,77,249,'Stuks',0.0155000,1,0.0155000,'1','2022-03-17 11:35:11',1),
(245,78,608,'Gram',0.0035000,80,0.2800000,'1','2022-03-17 11:35:27',1),
(246,78,298,'Gram',0.0150400,15,0.2256000,'1','2022-03-17 11:35:40',1),
(247,79,634,'Stuks',0.3204000,1,0.3204000,'1','2022-03-17 11:35:59',1),
(248,78,534,'Gram',0.0014375,10,0.0143750,'1','2022-03-17 11:36:01',1),
(249,79,85,'Stuks',0.0971000,1,0.0971000,'1','2022-03-17 11:36:08',1),
(250,78,536,'Gram',0.0030000,10,0.0300000,'1','2022-03-17 11:36:11',1),
(251,78,510,'Mililiter',0.0050000,15,0.0750000,'1','2022-03-17 11:36:33',1),
(252,79,249,'Stuks',0.0155000,1,0.0155000,'1','2022-03-17 11:36:48',1),
(253,78,614,'Gram',0.0100000,10,0.1000000,'1','2022-03-17 11:36:54',1),
(254,78,525,'Gram',0.0135000,4,0.0540000,'1','2022-03-17 11:37:13',1),
(255,78,539,'Gram',0.0140000,6,0.0840000,'1','2022-03-17 11:37:22',1),
(256,78,587,'Stuks',0.0381000,1,0.0381000,'2','2022-03-17 11:37:39',1),
(257,78,157,'Gram',0.0086000,15,0.1290000,'1','2022-03-17 11:37:55',1),
(258,78,613,'Gram',0.0100000,10,0.1000000,'1','2022-03-17 11:38:21',1),
(259,80,639,'Stuks',0.3204000,1,0.3204000,'1','2022-03-17 11:39:36',1),
(260,80,85,'Stuks',0.0971000,1,0.0971000,'1','2022-03-17 11:39:45',1),
(261,80,249,'Stuks',0.0155000,1,0.0155000,'1','2022-03-17 11:39:53',1),
(262,81,620,'Gram',0.0038500,120,0.4620000,'1','2022-03-17 11:40:01',1),
(263,81,628,'Gram',0.0082000,75,0.6150000,'1','2022-03-17 11:40:01',1),
(264,81,608,'Gram',0.0035000,80,0.2800000,'1','2022-03-17 11:40:01',1),
(265,81,298,'Gram',0.0150400,15,0.2256000,'1','2022-03-17 11:40:01',1),
(266,81,534,'Gram',0.0014375,10,0.0143750,'1','2022-03-17 11:40:01',1),
(267,81,536,'Gram',0.0030000,10,0.0300000,'1','2022-03-17 11:40:01',1),
(268,81,510,'Mililiter',0.0050000,15,0.0750000,'1','2022-03-17 11:40:01',1),
(269,81,614,'Gram',0.0100000,10,0.1000000,'1','2022-03-17 11:40:01',1),
(270,81,525,'Gram',0.0135000,4,0.0540000,'1','2022-03-17 11:40:01',1),
(271,81,539,'Gram',0.0140000,6,0.0840000,'1','2022-03-17 11:40:01',1),
(274,81,613,'Gram',0.0100000,10,0.1000000,'1','2022-03-17 11:40:01',1),
(275,81,605,'Stuks',0.3300000,1,0.3300000,'2','2022-03-17 11:40:36',1),
(276,82,636,'Stuks',0.3204000,1,0.3204000,'1','2022-03-17 11:40:41',1),
(277,82,85,'Stuks',0.0971000,1,0.0971000,'1','2022-03-17 11:41:02',1),
(278,82,249,'Stuks',0.0155000,1,0.0155000,'1','2022-03-17 11:41:08',1),
(279,83,618,'Stuks',0.6833000,1,0.6833000,'1','2022-03-17 11:44:01',1),
(280,83,614,'Gram',0.0100000,10,0.1000000,'1','2022-03-17 11:44:01',1),
(281,83,628,'Gram',0.0082000,80,0.6560000,'1','2022-03-17 11:44:01',1),
(282,83,605,'Stuks',0.3300000,1,0.3300000,'2','2022-03-17 11:44:01',1),
(283,83,534,'Gram',0.0014375,10,0.0143750,'1','2022-03-17 11:44:01',1),
(284,83,536,'Gram',0.0030000,10,0.0300000,'1','2022-03-17 11:44:01',1),
(285,83,525,'Gram',0.0135000,4,0.0540000,'1','2022-03-17 11:44:01',1),
(286,83,539,'Gram',0.0140000,5,0.0700000,'1','2022-03-17 11:44:01',1),
(287,83,510,'Mililiter',0.0050000,20,0.1000000,'1','2022-03-17 11:44:01',1),
(299,86,642,'Stuks',0.6533000,1,0.6533000,'1','2022-03-17 11:51:19',1),
(300,87,642,'Stuks',0.6533000,12,7.8396001,'1','2022-03-17 11:53:09',1),
(323,91,618,'Stuks',0.6833000,1,0.6833000,'1','2022-03-17 12:06:18',1),
(324,91,614,'Gram',0.0100000,10,0.1000000,'1','2022-03-17 12:06:28',1),
(325,91,625,'Gram',0.0029000,15,0.0435000,'1','2022-03-17 12:06:41',1),
(326,91,643,'Stuks',0.7905000,1,0.7905000,'1','2022-03-17 12:06:54',1),
(327,91,525,'Gram',0.0135000,4,0.0540000,'1','2022-03-17 12:07:26',1),
(328,91,539,'Gram',0.0140000,6,0.0840000,'1','2022-03-17 12:07:35',1),
(329,91,605,'Stuks',0.3300000,1,0.3300000,'2','2022-03-17 12:07:54',1),
(330,92,618,'Stuks',0.6833000,1,0.6833000,'1','2022-03-17 12:13:56',1),
(331,92,614,'Gram',0.0100000,10,0.1000000,'1','2022-03-17 12:14:06',1),
(332,92,613,'Gram',0.0100000,10,0.1000000,'1','2022-03-17 12:14:18',1),
(333,92,644,'Gram',0.0028000,15,0.0420000,'1','2022-03-17 12:14:30',1),
(334,92,523,'Gram',0.0022500,20,0.0450000,'1','2022-03-17 12:14:42',1),
(335,92,488,'Gram',0.0035111,30,0.1053330,'1','2022-03-17 12:14:55',1),
(336,92,605,'Stuks',0.3300000,1,0.3300000,'2','2022-03-17 12:15:20',1),
(337,92,433,'Stuks',0.9110417,1,0.9110417,'1','2022-03-17 12:15:49',1),
(338,88,481,'Stuks',0.5454000,1,0.5454000,'1','2022-03-17 12:19:27',1),
(339,88,458,'Gram',0.0087013,60,0.5220780,'1','2022-03-17 12:20:46',1),
(340,88,299,'Gram',0.0099800,30,0.2994000,'1','2022-03-17 12:21:03',1),
(341,88,523,'Gram',0.0022500,45,0.1012500,'1','2022-03-17 12:21:17',1),
(342,88,605,'Stuks',0.3300000,1,0.3300000,'2','2022-03-17 12:21:37',1),
(343,93,481,'Stuks',0.5454000,1,0.5454000,'1','2022-03-17 12:24:09',1),
(344,93,458,'Gram',0.0087013,60,0.5220780,'1','2022-03-17 12:24:09',1),
(345,93,645,'Gram',0.0100000,80,0.8000000,'1','2022-03-17 12:24:09',1),
(347,93,605,'Stuks',0.3300000,1,0.3300000,'2','2022-03-17 12:24:09',1),
(348,94,481,'Stuks',0.5454000,1,0.5454000,'1','2022-03-17 12:31:57',1),
(349,94,458,'Gram',0.0087013,60,0.5220780,'1','2022-03-17 12:31:57',1),
(350,94,307,'Gram',0.0135300,50,0.6765000,'1','2022-03-17 12:31:57',1),
(351,94,605,'Stuks',0.3300000,1,0.3300000,'2','2022-03-17 12:31:57',1),
(352,94,324,'Gram',0.0114100,25,0.2852500,'1','2022-03-17 12:32:49',1),
(353,95,481,'Stuks',0.5454000,1,0.5454000,'1','2022-03-17 12:33:52',1),
(354,95,304,'Gram',0.0093100,50,0.4655000,'1','2022-03-17 12:33:52',1),
(355,95,564,'Gram',0.0100000,50,0.5000000,'1','2022-03-17 12:33:52',1),
(356,95,605,'Stuks',0.3300000,1,0.3300000,'2','2022-03-17 12:33:52',1),
(357,95,324,'Gram',0.0114100,25,0.2852500,'1','2022-03-17 12:33:52',1),
(358,84,489,'Stuks',0.8188889,1,0.8188889,'1','2022-03-17 12:46:30',1),
(359,84,605,'Stuks',0.3300000,1,0.3300000,'2','2022-03-17 12:46:50',1),
(363,99,445,'Stuks',0.9533333,1,0.9533333,'1','2022-03-22 04:08:13',1),
(364,99,605,'Stuks',0.3300000,1,0.3300000,'2','2022-03-22 04:08:46',1),
(365,100,507,'Stuks',0.8567000,1,0.8567000,'1','2022-03-22 04:22:57',1),
(366,100,605,'Stuks',0.3300000,1,0.3300000,'2','2022-03-22 04:23:14',1),
(367,101,453,'Stuks',1.2795833,1,1.2795833,'1','2022-03-22 04:25:08',1),
(368,101,605,'Stuks',0.3300000,1,0.3300000,'2','2022-03-22 04:25:30',1),
(369,38,646,'Gram',0.0387667,10,0.3876670,'1','2022-03-22 05:38:19',1),
(372,103,308,'Gram',0.0078810,1,0.0078810,'1','2022-03-22 06:17:57',1),
(424,108,485,'Stuks',1.0512000,1,1.0512000,'1','2022-03-25 06:59:34',1),
(425,108,451,'Gram',0.0075750,150,1.1362500,'1','2022-03-25 06:59:55',1),
(426,108,471,'Gram',0.0264211,2,0.0528422,'1','2022-03-25 07:00:09',1),
(427,108,311,'Stuks',0.3049700,1,0.3049700,'2','2022-03-25 07:00:26',1),
(428,118,485,'Stuks',1.0512000,1,1.0512000,'1','2022-03-25 07:04:11',1),
(429,118,451,'Gram',0.0075750,150,1.1362500,'1','2022-03-25 07:04:26',1),
(430,118,471,'Gram',0.0264211,1,0.0264211,'1','2022-03-25 07:04:38',1),
(431,118,311,'Stuks',0.3049700,1,0.3049700,'2','2022-03-25 07:05:00',1),
(432,118,651,'Gram',0.0094500,40,0.3780000,'1','2022-03-25 07:10:20',1),
(433,107,485,'Stuks',1.0512000,1,1.0512000,'1','2022-03-25 07:14:50',1),
(434,107,451,'Gram',0.0075750,150,1.1362500,'1','2022-03-25 07:15:07',1),
(435,107,471,'Gram',0.0264211,1,0.0264211,'1','2022-03-25 07:15:57',1),
(436,107,628,'Gram',0.0082000,75,0.6150000,'1','2022-03-25 07:16:53',1),
(437,107,521,'Gram',0.0027800,50,0.1390000,'1','2022-03-25 07:19:33',1),
(438,107,311,'Stuks',0.3049700,1,0.3049700,'2','2022-03-25 07:19:54',1),
(439,107,534,'Gram',0.0014375,50,0.0718750,'1','2022-03-25 07:20:37',1),
(440,107,510,'Mililiter',0.0050000,25,0.1250000,'1','2022-03-25 07:21:00',1),
(441,106,485,'Stuks',1.0512000,1,1.0512000,'1','2022-03-25 07:27:22',1),
(442,106,451,'Gram',0.0075750,150,1.1362500,'1','2022-03-25 07:27:35',1),
(443,106,471,'Gram',0.0264211,1,0.0264211,'1','2022-03-25 07:27:47',1),
(444,106,652,'Gram',0.0119333,80,0.9546640,'1','2022-03-25 07:29:56',1),
(445,106,540,'Gram',0.0029412,75,0.2205900,'1','2022-03-25 07:30:46',1),
(446,106,653,'Gram',0.0026319,50,0.1315950,'1','2022-03-25 07:34:00',1),
(447,106,311,'Stuks',0.3049700,1,0.3049700,'2','2022-03-25 07:34:28',1),
(448,119,485,'Stuks',1.0512000,1,1.0512000,'1','2022-03-25 10:37:31',1),
(449,119,451,'Gram',0.0075750,150,1.1362500,'1','2022-03-25 10:37:44',1),
(450,119,471,'Gram',0.0264211,1,0.0264211,'1','2022-03-25 10:37:57',1),
(451,119,421,'Stuks',0.1410000,2,0.2820000,'1','2022-03-25 10:42:12',1),
(452,119,308,'Gram',0.0078810,35,0.2758350,'1','2022-03-25 10:42:41',1),
(453,119,311,'Stuks',0.3049700,1,0.3049700,'2','2022-03-25 10:43:03',1),
(454,105,485,'Stuks',1.0512000,1,1.0512000,'1','2022-03-25 10:45:27',1),
(455,105,451,'Gram',0.0075750,150,1.1362500,'1','2022-03-25 11:17:40',1),
(456,105,471,'Gram',0.0264211,1,0.0264211,'1','2022-03-25 11:18:13',1),
(457,105,651,'Gram',0.0094500,30,0.2835000,'1','2022-03-25 11:18:43',1),
(458,105,308,'Gram',0.0078810,30,0.2364300,'1','2022-03-25 11:19:01',1),
(459,105,521,'Gram',0.0027800,75,0.2085000,'1','2022-03-25 11:19:32',1),
(460,105,311,'Stuks',0.3049700,1,0.3049700,'2','2022-03-25 11:20:43',1),
(461,120,485,'Stuks',1.0512000,1,1.0512000,'1','2022-03-25 11:22:38',1),
(462,120,451,'Gram',0.0075750,150,1.1362500,'1','2022-03-25 11:22:55',1),
(463,120,311,'Stuks',0.3049700,1,0.3049700,'2','2022-03-25 11:23:14',1),
(464,120,471,'Gram',0.0264211,1,0.0264211,'1','2022-03-25 11:23:30',1),
(465,120,520,'Gram',0.0095309,90,0.8577810,'1','2022-03-25 11:26:55',1),
(466,121,485,'Stuks',1.0512000,1,1.0512000,'1','2022-03-25 11:28:28',1),
(467,121,451,'Gram',0.0075750,150,1.1362500,'1','2022-03-25 11:30:41',1),
(468,121,471,'Gram',0.0264211,1,0.0264211,'1','2022-03-25 11:30:51',1),
(469,121,521,'Gram',0.0027800,50,0.1390000,'1','2022-03-25 11:31:41',1),
(470,121,556,'Gram',0.0007500,50,0.0375000,'1','2022-03-25 11:31:52',1),
(471,121,480,'Gram',0.0057333,50,0.2866650,'1','2022-03-25 11:32:08',1),
(472,121,540,'Gram',0.0029412,50,0.1470600,'1','2022-03-25 11:32:22',1),
(473,121,311,'Stuks',0.3049700,1,0.3049700,'2','2022-03-25 11:32:46',1),
(474,120,534,'Gram',0.0014375,50,0.0718750,'1','2022-03-25 11:33:49',1),
(475,120,379,'Mililiter',0.0091200,15,0.1368000,'1','2022-03-25 11:34:26',1),
(485,122,603,'Stuks',0.0137200,12,0.1646400,'1','2022-03-28 03:54:12',1),
(486,122,603,'Stuks',0.0137200,12,0.1646400,'2','2022-03-28 03:54:18',1),
(487,123,34,'Stuks',0.8333333,2,1.6666666,'1','2022-03-28 03:59:59',1),
(488,124,34,'Stuks',0.8333333,2,1.6666666,'1','2022-03-28 04:00:12',1),
(489,125,34,'Stuks',0.4500000,1,0.4500000,'1','2022-03-28 04:00:27',1),
(490,125,34,'Stuks',0.8333333,2,1.6666666,'1','2022-03-28 04:00:42',1),
(495,133,485,'Stuks',1.0512000,1,1.0512000,'1','2022-03-29 07:15:56',1),
(496,133,451,'Gram',0.0075750,150,1.1362500,'1','2022-03-29 07:15:56',1),
(497,133,471,'Gram',0.0264211,1,0.0264211,'1','2022-03-29 07:15:56',1),
(498,133,521,'Gram',0.0027800,50,0.1390000,'1','2022-03-29 07:15:56',1),
(499,133,556,'Gram',0.0007500,50,0.0375000,'1','2022-03-29 07:15:56',1),
(500,133,480,'Gram',0.0057333,50,0.2866650,'1','2022-03-29 07:15:56',1),
(501,133,540,'Gram',0.0029412,50,0.1470600,'1','2022-03-29 07:15:56',1),
(503,134,485,'Stuks',1.0512000,1,1.0512000,'1','2022-03-29 07:18:24',1),
(504,134,451,'Gram',0.0075750,150,1.1362500,'1','2022-03-29 07:18:24',1),
(505,134,471,'Gram',0.0264211,1,0.0264211,'1','2022-03-29 07:18:24',1),
(506,134,421,'Stuks',0.1410000,2,0.2820000,'1','2022-03-29 07:18:24',1),
(507,134,308,'Gram',0.0078810,35,0.2758350,'1','2022-03-29 07:18:24',1),
(509,135,485,'Stuks',1.0512000,1,1.0512000,'1','2022-03-29 07:21:08',1),
(510,135,451,'Gram',0.0075750,150,1.1362500,'1','2022-03-29 07:21:08',1),
(511,135,471,'Gram',0.0264211,1,0.0264211,'1','2022-03-29 07:21:08',1),
(512,135,628,'Gram',0.0082000,75,0.6150000,'1','2022-03-29 07:21:08',1),
(513,135,521,'Gram',0.0027800,50,0.1390000,'1','2022-03-29 07:21:08',1),
(515,135,534,'Gram',0.0014375,50,0.0718750,'1','2022-03-29 07:21:08',1),
(516,135,510,'Mililiter',0.0050000,25,0.1250000,'1','2022-03-29 07:21:08',1),
(517,136,485,'Stuks',1.0512000,1,1.0512000,'1','2022-03-29 07:22:03',1),
(518,136,451,'Gram',0.0075750,150,1.1362500,'1','2022-03-29 07:22:03',1),
(519,136,471,'Gram',0.0264211,2,0.0528422,'1','2022-03-29 07:22:03',1),
(521,137,485,'Stuks',1.0512000,1,1.0512000,'1','2022-03-29 07:23:03',1),
(522,137,451,'Gram',0.0075750,150,1.1362500,'1','2022-03-29 07:23:03',1),
(523,137,471,'Gram',0.0264211,1,0.0264211,'1','2022-03-29 07:23:03',1),
(525,137,651,'Gram',0.0094500,40,0.3780000,'1','2022-03-29 07:23:03',1),
(526,138,485,'Stuks',1.0512000,1,1.0512000,'1','2022-03-29 07:24:07',1),
(527,138,451,'Gram',0.0075750,150,1.1362500,'1','2022-03-29 07:24:07',1),
(528,138,471,'Gram',0.0264211,1,0.0264211,'1','2022-03-29 07:24:07',1),
(529,138,652,'Gram',0.0119333,80,0.9546640,'1','2022-03-29 07:24:07',1),
(530,138,540,'Gram',0.0029412,75,0.2205900,'1','2022-03-29 07:24:07',1),
(531,138,653,'Gram',0.0026319,50,0.1315950,'1','2022-03-29 07:24:07',1),
(533,139,485,'Stuks',1.0512000,1,1.0512000,'1','2022-03-29 07:25:03',1),
(534,139,451,'Gram',0.0075750,150,1.1362500,'1','2022-03-29 07:25:03',1),
(535,139,471,'Gram',0.0264211,1,0.0264211,'1','2022-03-29 07:25:03',1),
(536,139,651,'Gram',0.0094500,30,0.2835000,'1','2022-03-29 07:25:03',1),
(537,139,308,'Gram',0.0078810,30,0.2364300,'1','2022-03-29 07:25:03',1),
(538,139,521,'Gram',0.0027800,75,0.2085000,'1','2022-03-29 07:25:03',1),
(540,140,485,'Stuks',1.0512000,1,1.0512000,'1','2022-03-29 07:26:00',1),
(541,140,451,'Gram',0.0075750,150,1.1362500,'1','2022-03-29 07:26:00',1),
(543,140,471,'Gram',0.0264211,1,0.0264211,'1','2022-03-29 07:26:00',1),
(544,140,520,'Gram',0.0095309,90,0.8577810,'1','2022-03-29 07:26:00',1),
(545,140,534,'Gram',0.0014375,50,0.0718750,'1','2022-03-29 07:26:00',1),
(546,140,379,'Mililiter',0.0091200,15,0.1368000,'1','2022-03-29 07:26:00',1),
(547,141,454,'Stuks',0.8008333,1,0.8008333,'1','2022-03-29 07:33:38',1),
(548,141,562,'Gram',0.0109500,150,1.6425000,'1','2022-03-29 07:33:54',1),
(549,141,523,'Gram',0.0022500,50,0.1125000,'1','2022-03-29 07:36:08',1),
(550,141,614,'Gram',0.0100000,10,0.1000000,'1','2022-03-29 07:36:38',1),
(551,141,609,'Gram',0.0031000,20,0.0620000,'1','2022-03-29 07:37:01',1),
(552,141,613,'Gram',0.0100000,10,0.1000000,'1','2022-03-29 07:37:38',1),
(553,141,528,'Gram',0.0020000,20,0.0400000,'1','2022-03-29 07:38:02',1),
(558,141,659,'Stuks',0.5239000,1,0.5239000,'1','2022-03-29 07:49:12',1),
(568,143,454,'Stuks',0.8008333,1,0.8008333,'1','2022-03-29 08:00:06',1),
(569,143,562,'Gram',0.0109500,150,1.6425000,'1','2022-03-29 08:00:06',1),
(570,143,523,'Gram',0.0022500,50,0.1125000,'1','2022-03-29 08:00:06',1),
(571,143,614,'Gram',0.0100000,10,0.1000000,'1','2022-03-29 08:00:06',1),
(572,143,609,'Gram',0.0031000,20,0.0620000,'1','2022-03-29 08:00:06',1),
(573,143,613,'Gram',0.0100000,10,0.1000000,'1','2022-03-29 08:00:06',1),
(574,143,528,'Gram',0.0020000,20,0.0400000,'1','2022-03-29 08:00:06',1),
(584,144,454,'Stuks',0.8008333,1,0.8008333,'1','2022-03-29 08:04:40',1),
(586,144,523,'Gram',0.0022500,50,0.1125000,'1','2022-03-29 08:04:40',1),
(587,144,614,'Gram',0.0100000,10,0.1000000,'1','2022-03-29 08:04:40',1),
(588,144,465,'Gram',0.0031200,20,0.0624000,'1','2022-03-29 08:04:40',1),
(590,144,528,'Gram',0.0020000,20,0.0400000,'1','2022-03-29 08:04:40',1),
(591,144,659,'Stuks',0.5239000,1,0.5239000,'1','2022-03-29 08:04:40',1),
(592,144,506,'Stuks',1.8480000,1,1.8480000,'1','2022-03-29 08:05:05',1),
(593,145,454,'Stuks',0.8008333,1,0.8008333,'1','2022-03-29 08:05:46',1),
(594,145,562,'Gram',0.0109500,150,1.6425000,'1','2022-03-29 08:05:46',1),
(595,145,523,'Gram',0.0022500,50,0.1125000,'1','2022-03-29 08:05:46',1),
(596,145,614,'Gram',0.0100000,10,0.1000000,'1','2022-03-29 08:05:46',1),
(597,145,609,'Gram',0.0031000,20,0.0620000,'1','2022-03-29 08:05:46',1),
(598,145,613,'Gram',0.0100000,10,0.1000000,'1','2022-03-29 08:05:46',1),
(599,145,528,'Gram',0.0020000,20,0.0400000,'1','2022-03-29 08:05:46',1),
(600,145,659,'Stuks',0.5239000,1,0.5239000,'1','2022-03-29 08:05:46',1),
(601,146,454,'Stuks',0.8008333,1,0.8008333,'1','2022-03-29 08:06:19',1),
(603,146,523,'Gram',0.0022500,50,0.1125000,'1','2022-03-29 08:06:19',1),
(604,146,614,'Gram',0.0100000,10,0.1000000,'1','2022-03-29 08:06:19',1),
(605,146,465,'Gram',0.0031200,20,0.0624000,'1','2022-03-29 08:06:19',1),
(607,146,528,'Gram',0.0020000,20,0.0400000,'1','2022-03-29 08:06:19',1),
(608,146,659,'Stuks',0.5239000,1,0.5239000,'1','2022-03-29 08:06:19',1),
(609,146,506,'Stuks',1.8480000,1,1.8480000,'1','2022-03-29 08:07:15',1),
(610,147,454,'Stuks',0.8008333,1,0.8008333,'1','2022-03-29 08:08:14',1),
(611,147,523,'Gram',0.0022500,50,0.1125000,'1','2022-03-29 08:08:14',1),
(612,147,614,'Gram',0.0100000,10,0.1000000,'1','2022-03-29 08:08:14',1),
(613,147,465,'Gram',0.0031200,20,0.0624000,'1','2022-03-29 08:08:14',1),
(614,147,528,'Gram',0.0020000,20,0.0400000,'1','2022-03-29 08:08:14',1),
(616,147,506,'Stuks',1.8480000,1,1.8480000,'1','2022-03-29 08:08:14',1),
(617,143,660,'Stuks',0.3802200,1,0.3802200,'2','2022-03-29 08:11:55',1),
(618,147,660,'Stuks',0.3802200,1,0.3802200,'2','2022-03-29 08:12:44',1),
(619,148,454,'Stuks',0.8008333,1,0.8008333,'1','2022-03-29 08:13:27',1),
(621,148,523,'Gram',0.0022500,50,0.1125000,'1','2022-03-29 08:13:27',1),
(622,148,614,'Gram',0.0100000,10,0.1000000,'1','2022-03-29 08:13:27',1),
(623,148,644,'Gram',0.0028000,20,0.0560000,'1','2022-03-29 08:13:27',1),
(624,148,613,'Gram',0.0100000,10,0.1000000,'1','2022-03-29 08:13:27',1),
(626,148,659,'Stuks',0.5239000,1,0.5239000,'1','2022-03-29 08:13:27',1),
(627,148,433,'Stuks',0.9110417,1,0.9110417,'1','2022-03-29 08:14:32',1),
(629,148,488,'Gram',0.0035111,30,0.1053330,'1','2022-03-29 08:15:42',1),
(630,149,454,'Stuks',0.8008333,1,0.8008333,'1','2022-03-29 08:20:40',1),
(631,149,523,'Gram',0.0022500,50,0.1125000,'1','2022-03-29 08:20:40',1),
(632,149,614,'Gram',0.0100000,10,0.1000000,'1','2022-03-29 08:20:40',1),
(633,149,644,'Gram',0.0028000,20,0.0560000,'1','2022-03-29 08:20:40',1),
(634,149,613,'Gram',0.0100000,10,0.1000000,'1','2022-03-29 08:20:40',1),
(636,149,433,'Stuks',0.9110417,1,0.9110417,'1','2022-03-29 08:20:40',1),
(637,149,660,'Stuks',0.3802200,1,0.3802200,'2','2022-03-29 08:20:40',1),
(638,149,488,'Gram',0.0035111,30,0.1053330,'1','2022-03-29 08:20:40',1),
(639,150,454,'Stuks',0.8008333,1,0.8008333,'1','2022-03-29 08:47:50',1),
(640,150,523,'Gram',0.0022500,50,0.1125000,'1','2022-03-29 08:47:50',1),
(641,150,614,'Gram',0.0100000,10,0.1000000,'1','2022-03-29 08:47:50',1),
(643,150,528,'Gram',0.0020000,20,0.0400000,'1','2022-03-29 08:47:50',1),
(644,150,659,'Stuks',0.5239000,1,0.5239000,'1','2022-03-29 08:47:50',1),
(646,150,661,'Stuks',1.1905000,1,1.1905000,'1','2022-03-29 08:52:54',1),
(647,150,644,'Gram',0.0028000,50,0.1400000,'1','2022-03-29 08:57:22',1),
(648,150,488,'Gram',0.0035111,20,0.0702220,'1','2022-03-29 09:05:17',1),
(649,151,454,'Stuks',0.8008333,1,0.8008333,'1','2022-03-29 09:05:52',1),
(650,151,523,'Gram',0.0022500,50,0.1125000,'1','2022-03-29 09:05:52',1),
(651,151,614,'Gram',0.0100000,10,0.1000000,'1','2022-03-29 09:05:52',1),
(652,151,528,'Gram',0.0020000,20,0.0400000,'1','2022-03-29 09:05:52',1),
(654,151,661,'Stuks',1.1905000,1,1.1905000,'1','2022-03-29 09:05:52',1),
(655,151,644,'Gram',0.0028000,50,0.1400000,'1','2022-03-29 09:05:52',1),
(656,151,488,'Gram',0.0035111,20,0.0702220,'1','2022-03-29 09:05:52',1),
(657,151,660,'Stuks',0.3802200,1,0.3802200,'2','2022-03-29 09:07:05',1),
(658,152,442,'Stuks',2.1335001,1,2.1335001,'1','2022-03-29 09:08:26',1),
(659,152,659,'Stuks',0.5239000,1,0.5239000,'1','2022-03-29 09:08:39',1),
(660,152,663,'Mililiter',0.0041380,200,0.8276000,'1','2022-03-29 09:22:50',1),
(661,153,442,'Stuks',2.1335001,1,2.1335001,'1','2022-03-29 09:24:09',1),
(662,153,664,'Stuks',0.8040000,1,0.8040000,'1','2022-03-29 09:24:09',1),
(663,153,663,'Mililiter',0.0041380,200,0.8276000,'1','2022-03-29 09:24:09',1),
(664,153,660,'Stuks',0.3802200,1,0.3802200,'2','2022-03-29 09:25:16',1),
(665,143,664,'Stuks',0.8040000,1,0.8040000,'1','2022-03-29 10:17:40',1),
(666,149,664,'Stuks',0.8040000,1,0.8040000,'1','2022-03-29 10:18:23',1),
(667,151,664,'Stuks',0.8040000,1,0.8040000,'1','2022-03-29 10:19:11',1),
(668,147,664,'Stuks',0.8040000,1,0.8040000,'1','2022-03-29 10:19:55',1),
(688,156,560,'Gram',0.0089500,500,4.4749999,'1','2022-03-29 10:45:03',1),
(689,156,659,'Stuks',0.5239000,1,0.5239000,'1','2022-03-29 10:45:17',1),
(690,156,653,'Gram',0.0026319,50,0.1315950,'1','2022-03-29 10:45:33',1),
(691,156,161,'Stuks',0.0562083,1,0.0562083,'2','2022-03-29 10:48:57',1),
(692,157,560,'Gram',0.0089500,500,4.4749999,'1','2022-03-29 10:49:26',1),
(694,157,653,'Gram',0.0026319,50,0.1315950,'1','2022-03-29 10:49:26',1),
(696,157,664,'Stuks',0.8040000,1,0.8040000,'1','2022-03-29 10:49:59',1),
(697,157,660,'Stuks',0.3802200,1,0.3802200,'2','2022-03-29 10:50:22',1),
(699,158,666,'Stuks',0.2591667,10,2.5916669,'1','2022-03-29 11:00:08',1),
(700,158,667,'Gram',0.0069700,125,0.8712500,'1','2022-03-29 11:00:38',1),
(701,158,468,'Mililiter',0.0038900,100,0.3890000,'1','2022-03-29 11:01:36',1),
(702,158,546,'Gram',0.0166667,5,0.0833335,'1','2022-03-29 11:01:49',1),
(703,158,530,'Gram',0.0233333,5,0.1166665,'1','2022-03-29 11:02:00',1),
(704,158,668,'Gram',0.0102400,40,0.4096000,'1','2022-03-29 11:02:33',1),
(705,158,329,'Gram',0.0209400,5,0.1047000,'1','2022-03-29 11:03:11',1),
(706,158,319,'Gram',0.0093000,10,0.0930000,'1','2022-03-29 11:05:09',1),
(707,158,358,'Mililiter',0.0070200,50,0.3510000,'1','2022-03-29 11:07:08',1),
(708,159,669,'Stuks',1.3558333,1,1.3558333,'1','2022-03-29 11:18:52',1),
(709,160,603,'Stuks',0.0137200,8,0.1097600,'1','2022-03-29 11:19:05',1),
(710,160,308,'Gram',0.0078810,45,0.3546450,'1','2022-03-29 11:19:11',1),
(711,160,584,'Stuks',0.2900000,7,2.0300000,'1','2022-03-29 11:19:16',1),
(712,160,299,'Gram',0.0099800,7,0.0698600,'1','2022-03-29 11:19:22',1),
(714,160,542,'Gram',0.0055000,6,0.0330000,'1','2022-03-29 11:19:27',1),
(715,160,322,'Meter',0.0015220,6,0.0091320,'1','2022-03-29 11:19:36',1),
(716,160,142,'Stuks',13.8500004,5000,69250.0000000,'1','2022-03-29 11:19:44',1),
(717,160,155,'Stuks',1.6849999,678,1142.4299316,'1','2022-03-29 11:19:57',1),
(718,160,308,'Gram',0.0078810,230000,1.0000000,'1','2022-03-29 11:20:09',1),
(719,160,351,'Gram',0.0052400,987,5.1718798,'1','2022-03-29 11:20:25',1),
(720,160,322,'Meter',0.0015220,8,0.0121760,'1','2022-03-29 11:20:37',1),
(721,159,542,'Gram',0.0055000,15,0.0825000,'1','2022-03-29 11:20:41',1),
(722,160,603,'Stuks',0.0137200,9876,135.4987183,'1','2022-03-29 11:20:43',1),
(723,160,603,'Stuks',0.0137200,7,0.0960400,'2','2022-03-29 11:20:52',1),
(724,159,543,'Gram',0.0055000,15,0.0825000,'1','2022-03-29 11:21:02',1),
(725,160,577,'Stuks',0.0136000,7888,107.2768021,'2','2022-03-29 11:21:02',1),
(727,159,387,'Mililiter',0.0056150,25,0.1403750,'1','2022-03-29 11:23:14',1),
(728,159,538,'Gram',0.0200000,2,0.0400000,'1','2022-03-29 11:27:40',1),
(729,161,670,'Stuks',1.3558333,1,1.3558333,'1','2022-03-29 11:28:21',1),
(730,161,387,'Mililiter',0.0056150,25,0.1403750,'1','2022-03-29 11:28:33',1),
(731,161,542,'Gram',0.0055000,25,0.1375000,'1','2022-03-29 11:28:43',1),
(732,161,544,'Gram',0.0055000,25,0.1375000,'1','2022-03-29 11:28:54',1),
(733,161,538,'Gram',0.0200000,2,0.0400000,'1','2022-03-29 11:29:06',1),
(739,163,671,'Gram',0.0031581,150,0.4737150,'1','2022-03-29 11:43:16',1),
(740,163,387,'Mililiter',0.0056150,50,0.2807500,'1','2022-03-29 11:48:26',1),
(741,163,673,'Gram',0.0057360,100,0.5736000,'1','2022-03-29 11:53:34',1),
(742,163,542,'Gram',0.0055000,25,0.1375000,'1','2022-03-29 11:53:54',1),
(743,163,544,'Gram',0.0055000,25,0.1375000,'1','2022-03-29 11:54:04',1),
(744,163,538,'Gram',0.0200000,2,0.0400000,'1','2022-03-29 11:54:12',1),
(745,164,675,'Gram',0.0059100,120,0.7092000,'1','2022-03-29 11:59:06',1),
(766,167,683,'Stuks',0.1666667,4,0.6666668,'1','2022-03-31 02:19:01',1),
(767,167,684,'Stuks',0.1343333,4,0.5373332,'1','2022-03-31 02:19:01',1),
(768,167,685,'Gram',0.0048025,60,0.2881500,'1','2022-03-31 02:19:01',1),
(769,168,559,'Gram',0.0149500,100,1.4950000,'1','2022-03-31 02:34:21',1),
(770,168,607,'Gram',0.0037000,30,0.1110000,'1','2022-03-31 02:34:21',1),
(771,168,484,'Gram',0.0352667,15,0.5290005,'1','2022-03-31 02:34:21',1),
(772,168,646,'Gram',0.0387667,10,0.3876670,'1','2022-03-31 02:34:21',1),
(773,168,614,'Gram',0.0100000,15,0.1500000,'1','2022-03-31 02:34:21',1),
(774,168,688,'Gram',0.0154900,15,0.2323500,'1','2022-03-31 02:34:21',1),
(775,168,522,'Gram',0.0025000,20,0.0500000,'1','2022-03-31 02:34:21',1),
(776,168,524,'Stuks',0.0906250,2,0.1812500,'1','2022-03-31 02:34:21',1),
(777,168,534,'Gram',0.0014375,15,0.0215625,'1','2022-03-31 02:34:21',1),
(778,168,539,'Gram',0.0140000,5,0.0700000,'1','2022-03-31 02:34:21',1),
(779,168,525,'Gram',0.0135000,5,0.0675000,'1','2022-03-31 02:34:21',1),
(780,168,573,'Stuks',0.0748000,1,0.0748000,'2','2022-03-31 02:34:21',1),
(805,169,559,'Gram',0.0149500,100,1.4950000,'1',NULL,1),
(806,169,607,'Gram',0.0037000,30,0.1110000,'1',NULL,1),
(807,169,484,'Gram',0.0352667,15,0.5290005,'1',NULL,1),
(808,169,646,'Gram',0.0387667,10,0.3876670,'1',NULL,1),
(809,169,614,'Gram',0.0100000,15,0.1500000,'1',NULL,1),
(810,169,522,'Gram',0.0025000,20,0.0500000,'1',NULL,1),
(811,169,524,'Stuks',0.0906250,2,0.1812500,'1',NULL,1),
(812,169,534,'Gram',0.0014375,15,0.0215625,'1',NULL,1),
(813,169,539,'Gram',0.0140000,5,0.0700000,'1',NULL,1),
(814,169,525,'Gram',0.0135000,5,0.0675000,'1',NULL,1),
(815,169,573,'Stuks',0.0748000,1,0.0748000,'2',NULL,1),
(816,169,452,'Gram',0.0106850,15,0.1602750,'1','2022-03-31 02:41:48',1),
(817,169,316,'Stuks',0.2781700,1,0.2781700,'2','2022-03-31 02:41:48',1),
(835,170,295,'Gram',0.0224500,100,2.2449999,'1',NULL,1),
(836,170,614,'Gram',0.0100000,15,0.1500000,'1',NULL,1),
(837,170,522,'Gram',0.0025000,15,0.0375000,'1',NULL,1),
(838,170,475,'Mililiter',0.0044500,20,0.0890000,'1',NULL,1),
(839,170,524,'Stuks',0.0906250,3,0.2718750,'1',NULL,1),
(840,170,545,'Gram',0.0017500,15,0.0262500,'1',NULL,1),
(841,170,463,'Gram',0.0052222,15,0.0783330,'1',NULL,1),
(842,170,573,'Stuks',0.0748000,1,0.0748000,'2',NULL,1),
(843,170,690,'Gram',0.0190429,8,0.1523432,'1',NULL,1),
(844,170,534,'Gram',0.0014375,15,0.0215625,'1','2022-03-31 03:00:37',1),
(845,170,527,'Gram',0.0016000,5,0.0080000,'1','2022-03-31 03:00:37',1),
(846,170,526,'Gram',0.0020000,5,0.0100000,'1','2022-03-31 03:00:37',1),
(871,171,295,'Gram',0.0224500,100,2.2449999,'1',NULL,1),
(872,171,614,'Gram',0.0100000,15,0.1500000,'1',NULL,1),
(873,171,522,'Gram',0.0025000,15,0.0375000,'1',NULL,1),
(874,171,475,'Mililiter',0.0044500,20,0.0890000,'1',NULL,1),
(875,171,524,'Stuks',0.0906250,3,0.2718750,'1',NULL,1),
(876,171,545,'Gram',0.0017500,15,0.0262500,'1',NULL,1),
(877,171,463,'Gram',0.0052222,15,0.0783330,'1',NULL,1),
(878,171,573,'Stuks',0.0748000,1,0.0748000,'2',NULL,1),
(879,171,690,'Gram',0.0190429,8,0.1523432,'1',NULL,1),
(880,171,534,'Gram',0.0014375,15,0.0215625,'1',NULL,1),
(881,171,527,'Gram',0.0016000,5,0.0080000,'1',NULL,1),
(882,171,526,'Gram',0.0020000,5,0.0100000,'1',NULL,1),
(883,171,316,'Stuks',0.2781700,1,0.2781700,'2','2022-03-31 03:02:11',1),
(893,172,666,'Stuks',0.2591667,6,1.5550002,'1',NULL,1),
(894,172,668,'Gram',0.0102400,30,0.3072000,'1',NULL,1),
(895,172,358,'Mililiter',0.0070200,25,0.1755000,'1',NULL,1),
(896,172,530,'Gram',0.0233333,5,0.1166665,'1',NULL,1),
(897,172,546,'Gram',0.0166667,5,0.0833335,'1',NULL,1),
(898,172,683,'Stuks',0.1666667,1,0.1666667,'1',NULL,1),
(899,172,684,'Stuks',0.1343333,1,0.1343333,'1',NULL,1),
(909,174,691,'Mililiter',0.0014906,250,0.3726500,'1',NULL,1),
(910,174,310,'Gram',0.0070000,20,0.1400000,'1','2022-03-31 04:00:31',1),
(911,174,539,'Gram',0.0140000,5,0.0700000,'1','2022-03-31 04:00:31',1),
(912,173,691,'Mililiter',0.0014906,250,0.3726500,'1',NULL,1),
(913,173,685,'Gram',0.0048025,30,0.1440750,'1',NULL,1),
(914,173,683,'Stuks',0.1666667,1,0.1666667,'1',NULL,1),
(915,173,684,'Stuks',0.1343333,1,0.1343333,'1',NULL,1),
(916,173,310,'Gram',0.0070000,20,0.1400000,'1','2022-03-31 04:01:56',1),
(917,173,539,'Gram',0.0140000,5,0.0700000,'1','2022-03-31 04:01:56',1),
(977,175,620,'Gram',0.0038500,120,0.4620000,'1',NULL,1),
(978,175,643,'Stuks',0.7905000,1,0.7905000,'1',NULL,1),
(979,175,559,'Gram',0.0149500,60,0.8970000,'1',NULL,1),
(980,175,691,'Mililiter',0.0014906,200,0.2981200,'1',NULL,1),
(981,175,310,'Gram',0.0070000,10,0.0700000,'1',NULL,1),
(982,175,539,'Gram',0.0140000,5,0.0700000,'1',NULL,1),
(983,175,474,'Gram',0.0026160,20,0.0523200,'1',NULL,1),
(984,175,614,'Gram',0.0100000,10,0.1000000,'1',NULL,1),
(985,175,607,'Gram',0.0037000,10,0.0370000,'1',NULL,1),
(986,175,522,'Gram',0.0025000,5,0.0125000,'1',NULL,1),
(987,175,688,'Gram',0.0154900,10,0.1549000,'1',NULL,1),
(988,175,484,'Gram',0.0352667,5,0.1763335,'1',NULL,1),
(989,175,525,'Gram',0.0135000,3,0.0405000,'1',NULL,1),
(990,177,620,'Gram',0.0038500,120,0.4620000,'1',NULL,1),
(991,177,614,'Gram',0.0100000,10,0.1000000,'1',NULL,1),
(992,177,693,'Stuks',0.9219048,1,0.9219048,'1',NULL,1),
(993,177,304,'Gram',0.0093100,70,0.6517000,'1',NULL,1),
(994,177,523,'Gram',0.0022500,20,0.0450000,'1',NULL,1),
(995,177,314,'Gram',0.0180333,8,0.1442664,'1',NULL,1),
(996,177,306,'Mililiter',0.0081000,10,0.0810000,'1',NULL,1),
(997,177,525,'Gram',0.0135000,3,0.0405000,'1',NULL,1),
(998,177,691,'Mililiter',0.0014906,200,0.2981200,'1',NULL,1),
(999,177,539,'Gram',0.0140000,10,0.1400000,'1',NULL,1),
(1000,177,522,'Gram',0.0025000,10,0.0250000,'1',NULL,1),
(1001,177,424,'Stuks',0.0130400,1,0.0130400,'2',NULL,1),
(1002,177,587,'Stuks',0.0381000,1,0.0381000,'2',NULL,1),
(1003,176,620,'Gram',0.0038500,120,0.4620000,'1',NULL,1),
(1004,176,614,'Gram',0.0100000,10,0.1000000,'1',NULL,1),
(1005,176,295,'Gram',0.0224500,60,1.3470000,'1',NULL,1),
(1006,176,522,'Gram',0.0025000,15,0.0375000,'1',NULL,1),
(1007,176,428,'Mililiter',0.0042720,10,0.0427200,'1',NULL,1),
(1008,176,603,'Stuks',0.0137200,10,0.1372000,'1',NULL,1),
(1009,176,692,'Stuks',1.7650000,1,1.7650000,'1',NULL,1),
(1010,176,691,'Mililiter',0.0014906,200,0.2981200,'1',NULL,1),
(1011,176,310,'Gram',0.0070000,10,0.0700000,'1',NULL,1),
(1012,176,525,'Gram',0.0135000,3,0.0405000,'1',NULL,1),
(1045,178,527,'Gram',0.0016000,10,0.0160000,'1',NULL,1),
(1046,178,614,'Gram',0.0100000,100,1.0000000,'1',NULL,1),
(1047,178,526,'Gram',0.0020000,10,0.0200000,'1',NULL,1),
(1048,178,484,'Gram',0.0352667,10,0.3526670,'1',NULL,1),
(1049,178,452,'Gram',0.0106850,10,0.1068500,'1',NULL,1),
(1050,178,559,'Gram',0.0149500,90,1.3455000,'1',NULL,1),
(1051,178,646,'Gram',0.0387667,10,0.3876670,'1',NULL,1),
(1052,178,524,'Stuks',0.0906250,3,0.2718750,'1',NULL,1),
(1053,178,521,'Gram',0.0027800,25,0.0695000,'1',NULL,1),
(1054,178,607,'Gram',0.0037000,25,0.0925000,'1',NULL,1),
(1055,178,522,'Gram',0.0025000,10,0.0250000,'1',NULL,1),
(1056,178,534,'Gram',0.0014375,10,0.0143750,'1',NULL,1),
(1066,179,614,'Gram',0.0100000,110,1.1000000,'1',NULL,1),
(1067,179,628,'Gram',0.0082000,150,1.2300000,'1',NULL,1),
(1068,179,527,'Gram',0.0016000,20,0.0320000,'1',NULL,1),
(1069,179,526,'Gram',0.0020000,30,0.0600000,'1',NULL,1),
(1070,179,536,'Gram',0.0030000,20,0.0600000,'1',NULL,1),
(1071,179,534,'Gram',0.0014375,20,0.0287500,'1',NULL,1),
(1072,179,524,'Stuks',0.0906250,3,0.2718750,'1',NULL,1),
(1073,179,510,'Mililiter',0.0050000,25,0.1250000,'1',NULL,1),
(1074,109,527,'Gram',0.0016000,10,0.0160000,'1',NULL,1),
(1075,109,614,'Gram',0.0100000,100,1.0000000,'1',NULL,1),
(1076,109,526,'Gram',0.0020000,10,0.0200000,'1',NULL,1),
(1077,109,484,'Gram',0.0352667,10,0.3526670,'1',NULL,1),
(1078,109,452,'Gram',0.0106850,10,0.1068500,'1',NULL,1),
(1079,109,559,'Gram',0.0149500,90,1.3455000,'1',NULL,1),
(1080,109,646,'Gram',0.0387667,10,0.3876670,'1',NULL,1),
(1081,109,524,'Stuks',0.0906250,3,0.2718750,'1',NULL,1),
(1082,109,586,'Stuks',0.1650000,1,0.1650000,'2',NULL,1),
(1083,109,309,'Stuks',0.4014000,1,0.4014000,'2',NULL,1),
(1084,109,312,'Stuks',0.2931600,1,0.2931600,'2',NULL,1),
(1085,109,1,'Stuks',0.0166000,1,0.0166000,'2',NULL,1),
(1086,109,521,'Gram',0.0027800,25,0.0695000,'1',NULL,1),
(1087,109,607,'Gram',0.0037000,25,0.0925000,'1',NULL,1),
(1088,109,522,'Gram',0.0025000,10,0.0250000,'1',NULL,1),
(1089,109,534,'Gram',0.0014375,10,0.0143750,'1',NULL,1),
(1119,180,527,'Gram',0.0016000,10,0.0160000,'1',NULL,1),
(1120,180,614,'Gram',0.0100000,100,1.0000000,'1',NULL,1),
(1121,180,526,'Gram',0.0020000,10,0.0200000,'1',NULL,1),
(1122,180,524,'Stuks',0.0906250,2,0.1812500,'1',NULL,1),
(1123,180,522,'Gram',0.0025000,10,0.0250000,'1',NULL,1),
(1124,180,534,'Gram',0.0014375,10,0.0143750,'1',NULL,1),
(1125,180,655,'Stuks',0.8753000,1,0.8753000,'2',NULL,1),
(1126,180,295,'Gram',0.0224500,90,2.0204999,'1','2022-03-31 04:42:14',1),
(1127,180,545,'Gram',0.0017500,10,0.0175000,'1','2022-03-31 04:42:14',1),
(1128,180,463,'Gram',0.0052222,5,0.0261110,'1','2022-03-31 04:42:14',1),
(1129,180,475,'Mililiter',0.0044500,15,0.0667500,'1','2022-03-31 04:42:14',1),
(1130,180,690,'Gram',0.0190429,8,0.1523432,'1','2022-03-31 04:42:14',1),
(1143,181,527,'Gram',0.0016000,10,0.0160000,'1',NULL,1),
(1144,181,614,'Gram',0.0100000,100,1.0000000,'1',NULL,1),
(1145,181,526,'Gram',0.0020000,10,0.0200000,'1',NULL,1),
(1146,181,524,'Stuks',0.0906250,2,0.1812500,'1',NULL,1),
(1147,181,522,'Gram',0.0025000,10,0.0250000,'1',NULL,1),
(1148,181,534,'Gram',0.0014375,10,0.0143750,'1',NULL,1),
(1149,181,295,'Gram',0.0224500,90,2.0204999,'1',NULL,1),
(1150,181,545,'Gram',0.0017500,10,0.0175000,'1',NULL,1),
(1151,181,463,'Gram',0.0052222,5,0.0261110,'1',NULL,1),
(1152,181,475,'Mililiter',0.0044500,15,0.0667500,'1',NULL,1),
(1153,181,690,'Gram',0.0190429,8,0.1523432,'1',NULL,1),
(1210,184,527,'Gram',0.0016000,10,0.0160000,'1','2022-03-31 04:47:31',1),
(1211,184,614,'Gram',0.0100000,100,1.0000000,'1','2022-03-31 04:47:31',1),
(1212,184,526,'Gram',0.0020000,10,0.0200000,'1','2022-03-31 04:47:31',1),
(1213,184,524,'Stuks',0.0906250,2,0.1812500,'1','2022-03-31 04:47:31',1),
(1214,184,522,'Gram',0.0025000,10,0.0250000,'1','2022-03-31 04:47:31',1),
(1215,184,534,'Gram',0.0014375,10,0.0143750,'1','2022-03-31 04:47:31',1),
(1216,184,655,'Stuks',0.8753000,1,0.8753000,'2','2022-03-31 04:47:31',1),
(1217,184,295,'Gram',0.0224500,90,2.0204999,'1','2022-03-31 04:47:31',1),
(1218,184,545,'Gram',0.0017500,10,0.0175000,'1','2022-03-31 04:47:31',1),
(1219,184,463,'Gram',0.0052222,5,0.0261110,'1','2022-03-31 04:47:31',1),
(1220,184,475,'Mililiter',0.0044500,15,0.0667500,'1','2022-03-31 04:47:31',1),
(1221,184,690,'Gram',0.0190429,8,0.1523432,'1','2022-03-31 04:47:31',1),
(1222,182,527,'Gram',0.0016000,10,0.0160000,'1',NULL,1),
(1223,182,614,'Gram',0.0100000,100,1.0000000,'1',NULL,1),
(1224,182,526,'Gram',0.0020000,10,0.0200000,'1',NULL,1),
(1225,182,524,'Stuks',0.0906250,2,0.1812500,'1',NULL,1),
(1226,182,522,'Gram',0.0025000,10,0.0250000,'1',NULL,1),
(1227,182,534,'Gram',0.0014375,10,0.0143750,'1',NULL,1),
(1228,182,655,'Stuks',0.8753000,1,0.8753000,'2',NULL,1),
(1229,182,690,'Gram',0.0190429,8,0.1523432,'1',NULL,1),
(1230,182,666,'Stuks',0.2591667,6,1.5550002,'1',NULL,1),
(1231,182,539,'Gram',0.0140000,10,0.1400000,'1',NULL,1),
(1232,182,525,'Gram',0.0135000,5,0.0675000,'1',NULL,1),
(1233,182,540,'Gram',0.0029412,20,0.0588240,'1','2022-03-31 04:49:46',1),
(1234,183,527,'Gram',0.0016000,10,0.0160000,'1',NULL,1),
(1235,183,614,'Gram',0.0100000,100,1.0000000,'1',NULL,1),
(1236,183,526,'Gram',0.0020000,10,0.0200000,'1',NULL,1),
(1237,183,524,'Stuks',0.0906250,2,0.1812500,'1',NULL,1),
(1238,183,522,'Gram',0.0025000,10,0.0250000,'1',NULL,1),
(1239,183,534,'Gram',0.0014375,10,0.0143750,'1',NULL,1),
(1240,183,690,'Gram',0.0190429,8,0.1523432,'1',NULL,1),
(1241,183,666,'Stuks',0.2591667,6,1.5550002,'1',NULL,1),
(1242,183,539,'Gram',0.0140000,10,0.1400000,'1',NULL,1),
(1243,183,525,'Gram',0.0135000,5,0.0675000,'1',NULL,1),
(1244,183,540,'Gram',0.0029412,20,0.0588240,'1','2022-03-31 04:50:31',1),
(1257,185,527,'Gram',0.0016000,10,0.0160000,'1',NULL,1),
(1258,185,614,'Gram',0.0100000,100,1.0000000,'1',NULL,1),
(1259,185,526,'Gram',0.0020000,10,0.0200000,'1',NULL,1),
(1260,185,524,'Stuks',0.0906250,2,0.1812500,'1',NULL,1),
(1261,185,522,'Gram',0.0025000,10,0.0250000,'1',NULL,1),
(1262,185,534,'Gram',0.0014375,10,0.0143750,'1',NULL,1),
(1263,185,655,'Stuks',0.8753000,1,0.8753000,'2',NULL,1),
(1264,185,350,'Gram',0.0102000,8,0.0816000,'1',NULL,1),
(1265,185,640,'Gram',0.0092800,100,0.9280000,'1','2022-03-31 04:53:52',1),
(1266,185,523,'Gram',0.0022500,100,0.2250000,'1','2022-03-31 04:53:52',1),
(1267,185,641,'Gram',0.0226667,5,0.1133335,'1','2022-03-31 04:53:52',1),
(1268,185,379,'Mililiter',0.0091200,10,0.0912000,'1','2022-03-31 04:53:52',1),
(1281,186,527,'Gram',0.0016000,10,0.0160000,'1',NULL,1),
(1282,186,614,'Gram',0.0100000,100,1.0000000,'1',NULL,1),
(1283,186,526,'Gram',0.0020000,10,0.0200000,'1',NULL,1),
(1284,186,524,'Stuks',0.0906250,2,0.1812500,'1',NULL,1),
(1285,186,522,'Gram',0.0025000,10,0.0250000,'1',NULL,1),
(1286,186,534,'Gram',0.0014375,10,0.0143750,'1',NULL,1),
(1287,186,350,'Gram',0.0102000,8,0.0816000,'1',NULL,1),
(1288,186,640,'Gram',0.0092800,100,0.9280000,'1',NULL,1),
(1289,186,523,'Gram',0.0022500,100,0.2250000,'1',NULL,1),
(1290,186,641,'Gram',0.0226667,5,0.1133335,'1',NULL,1),
(1291,186,379,'Mililiter',0.0091200,10,0.0912000,'1',NULL,1),
(1361,189,671,'Gram',0.0031581,100,0.3158100,'1',NULL,1),
(1362,189,387,'Mililiter',0.0056150,50,0.2807500,'1',NULL,1),
(1363,189,542,'Gram',0.0055000,25,0.1375000,'1',NULL,1),
(1364,189,544,'Gram',0.0055000,25,0.1375000,'1',NULL,1),
(1365,189,538,'Gram',0.0200000,2,0.0400000,'1',NULL,1),
(1366,189,694,'Gram',0.0021455,60,0.1287300,'1',NULL,1),
(1367,189,695,'Gram',0.0049004,200,0.9800800,'1',NULL,1),
(1368,189,451,'Gram',0.0075750,40,0.3030000,'1',NULL,1),
(1369,188,671,'Gram',0.0031581,100,0.3158100,'1',NULL,1),
(1370,188,387,'Mililiter',0.0056150,50,0.2807500,'1',NULL,1),
(1371,188,542,'Gram',0.0055000,25,0.1375000,'1',NULL,1),
(1372,188,544,'Gram',0.0055000,25,0.1375000,'1',NULL,1),
(1373,188,538,'Gram',0.0200000,2,0.0400000,'1',NULL,1),
(1374,188,296,'Stuks',1.1041667,1,1.1041667,'1',NULL,1),
(1375,188,451,'Gram',0.0075750,90,0.6817500,'1',NULL,1),
(1376,188,651,'Gram',0.0094500,40,0.3780000,'1',NULL,1),
(1377,188,471,'Gram',0.0264211,2,0.0528422,'1',NULL,1),
(1378,187,446,'Kilogram',0.0013970,200,0.2794000,'1',NULL,1),
(1379,187,466,'Stuks',0.1021111,1,0.1021111,'1',NULL,1),
(1380,187,426,'Stuks',0.0787000,1,0.0787000,'1',NULL,1),
(1381,187,461,'Stuks',0.2209000,1,0.2209000,'1',NULL,1),
(1382,187,443,'Stuks',0.1286000,1,0.1286000,'1',NULL,1),
(1383,187,447,'Mililiter',0.0015690,50,0.0784500,'1',NULL,1),
(1384,187,671,'Gram',0.0031581,100,0.3158100,'1',NULL,1),
(1385,187,387,'Mililiter',0.0056150,50,0.2807500,'1',NULL,1),
(1386,187,434,'Mililiter',0.0019400,50,0.0970000,'1',NULL,1),
(1387,187,424,'Stuks',0.0130400,2,0.0260800,'2',NULL,1),
(1388,187,542,'Gram',0.0055000,25,0.1375000,'1',NULL,1),
(1389,187,544,'Gram',0.0055000,25,0.1375000,'1',NULL,1),
(1390,187,538,'Gram',0.0200000,2,0.0400000,'1',NULL,1),
(1394,192,437,'Stuks',0.7539583,1,0.7539583,'1','2022-03-31 05:41:54',1),
(1395,191,476,'Stuks',1.1079167,1,1.1079167,'1',NULL,1),
(1397,190,478,'Stuks',0.9816667,1,0.9816667,'1',NULL,1),
(1398,193,438,'Stuks',0.7847917,1,0.7847917,'1','2022-03-31 06:31:32',1),
(1399,194,682,'Stuks',0.6163112,1,0.6163112,'1','2022-03-31 06:36:56',1),
(1400,194,387,'Mililiter',0.0056150,30,0.1684500,'1','2022-03-31 06:36:56',1),
(1401,194,542,'Gram',0.0055000,20,0.1100000,'1','2022-03-31 06:36:56',1),
(1402,194,544,'Gram',0.0055000,20,0.1100000,'1','2022-03-31 06:36:56',1),
(1403,194,538,'Gram',0.0200000,2,0.0400000,'1','2022-03-31 06:36:56',1),
(1404,166,682,'Stuks',0.6163112,1,0.6163112,'1',NULL,1),
(1405,166,387,'Mililiter',0.0056150,50,0.2807500,'1',NULL,1),
(1406,166,542,'Gram',0.0055000,25,0.1375000,'1',NULL,1),
(1407,166,544,'Gram',0.0055000,25,0.1375000,'1',NULL,1),
(1408,166,538,'Gram',0.0200000,2,0.0400000,'1',NULL,1),
(1409,166,671,'Gram',0.0031581,50,0.1579050,'1',NULL,1),
(1410,195,697,'Stuks',1.9500000,1,1.9500000,'1','2022-03-31 06:41:42',1),
(1425,198,446,'Kilogram',0.0013970,450,0.6286500,'1','2022-03-31 07:25:26',1),
(1426,198,688,'Gram',0.0154900,60,0.9294000,'1','2022-03-31 07:25:26',1),
(1427,198,607,'Gram',0.0037000,100,0.3700000,'1','2022-03-31 07:25:26',1),
(1428,198,703,'Gram',0.0252000,10,0.2520000,'1','2022-03-31 07:25:26',1),
(1429,196,446,'Kilogram',0.0013970,450,0.6286500,'1',NULL,1),
(1430,196,628,'Gram',0.0082000,150,1.2300000,'1',NULL,1),
(1431,196,646,'Gram',0.0387667,10,0.3876670,'1',NULL,1),
(1432,196,451,'Gram',0.0075750,50,0.3787500,'1',NULL,1),
(1433,196,624,'Gram',0.0038000,25,0.0950000,'1',NULL,1),
(1434,196,539,'Gram',0.0140000,6,0.0840000,'1',NULL,1),
(1435,196,612,'Gram',0.0063600,60,0.3816000,'1',NULL,1),
(1444,199,320,'Stuks',0.1492000,12,1.7904000,'1',NULL,1),
(1445,199,495,'Gram',0.0034200,135,0.4617000,'1',NULL,1),
(1446,199,704,'Stuks',0.0007100,12,0.0085200,'2',NULL,1),
(1486,202,427,'Stuks',0.2952778,24,7.0866671,'1',NULL,1),
(1487,202,447,'Mililiter',0.0015690,40,0.0627600,'1',NULL,1),
(1488,202,434,'Mililiter',0.0019400,40,0.0776000,'1',NULL,1),
(1489,202,424,'Stuks',0.0130400,4,0.0521600,'2',NULL,1),
(1490,202,587,'Stuks',0.0381000,1,0.0381000,'2',NULL,1),
(1491,203,427,'Stuks',0.2952778,48,14.1733341,'1',NULL,1),
(1492,203,447,'Mililiter',0.0015690,80,0.1255200,'1',NULL,1),
(1493,203,434,'Mililiter',0.0019400,80,0.1552000,'1',NULL,1),
(1494,203,424,'Stuks',0.0130400,4,0.0521600,'2',NULL,1),
(1495,203,587,'Stuks',0.0381000,1,0.0381000,'2',NULL,1),
(1496,204,425,'Stuks',0.3366667,12,4.0400004,'1','2022-03-31 08:07:52',1),
(1497,204,428,'Mililiter',0.0042720,40,0.1708800,'1','2022-03-31 08:07:52',1),
(1498,204,474,'Gram',0.0026160,40,0.1046400,'1','2022-03-31 08:07:52',1),
(1499,204,424,'Stuks',0.0130400,2,0.0260800,'2','2022-03-31 08:07:52',1),
(1500,204,587,'Stuks',0.0381000,1,0.0381000,'2','2022-03-31 08:07:52',1),
(1506,205,425,'Stuks',0.3366667,24,8.0800009,'1',NULL,1),
(1507,205,428,'Mililiter',0.0042720,40,0.1708800,'1',NULL,1),
(1508,205,474,'Gram',0.0026160,40,0.1046400,'1',NULL,1),
(1509,205,424,'Stuks',0.0130400,2,0.0260800,'2',NULL,1),
(1510,205,587,'Stuks',0.0381000,1,0.0381000,'2',NULL,1),
(1516,206,425,'Stuks',0.3366667,48,16.1600018,'1',NULL,1),
(1517,206,428,'Mililiter',0.0042720,80,0.3417600,'1',NULL,1),
(1518,206,474,'Gram',0.0026160,80,0.2092800,'1',NULL,1),
(1519,206,424,'Stuks',0.0130400,4,0.0521600,'2',NULL,1),
(1520,206,587,'Stuks',0.0381000,1,0.0381000,'2',NULL,1),
(1525,207,455,'Stuks',0.3108235,12,3.7298820,'1',NULL,1),
(1526,207,503,'Mililiter',0.0021000,40,0.0840000,'1',NULL,1),
(1527,207,447,'Mililiter',0.0015690,40,0.0627600,'1',NULL,1),
(1528,207,424,'Stuks',0.0130400,2,0.0260800,'2',NULL,1),
(1533,208,455,'Stuks',0.3108235,24,7.4597640,'1',NULL,1),
(1534,208,503,'Mililiter',0.0021000,40,0.0840000,'1',NULL,1),
(1535,208,447,'Mililiter',0.0015690,40,0.0627600,'1',NULL,1),
(1536,208,424,'Stuks',0.0130400,2,0.0260800,'2',NULL,1),
(1541,209,455,'Stuks',0.3108235,48,14.9195280,'1',NULL,1),
(1542,209,503,'Mililiter',0.0021000,80,0.1680000,'1',NULL,1),
(1543,209,447,'Mililiter',0.0015690,80,0.1255200,'1',NULL,1),
(1544,209,424,'Stuks',0.0130400,4,0.0521600,'2',NULL,1),
(1548,210,462,'Stuks',0.3228333,12,3.8739996,'1',NULL,1),
(1549,210,503,'Mililiter',0.0021000,40,0.0840000,'1',NULL,1),
(1550,210,447,'Mililiter',0.0015690,40,0.0627600,'1',NULL,1),
(1551,210,424,'Stuks',0.0130400,2,0.0260800,'2','2022-03-31 09:27:57',1),
(1552,210,587,'Stuks',0.0381000,1,0.0381000,'2','2022-03-31 09:27:57',1),
(1558,211,462,'Stuks',0.3228333,24,7.7479992,'1',NULL,1),
(1559,211,503,'Mililiter',0.0021000,40,0.0840000,'1',NULL,1),
(1560,211,447,'Mililiter',0.0015690,40,0.0627600,'1',NULL,1),
(1561,211,424,'Stuks',0.0130400,2,0.0260800,'2',NULL,1),
(1562,211,587,'Stuks',0.0381000,1,0.0381000,'2',NULL,1),
(1573,212,462,'Stuks',0.3228333,48,15.4959984,'1',NULL,1),
(1574,212,503,'Mililiter',0.0021000,80,0.1680000,'1',NULL,1),
(1575,212,447,'Mililiter',0.0015690,80,0.1255200,'1',NULL,1),
(1576,212,424,'Stuks',0.0130400,4,0.0521600,'2',NULL,1),
(1577,212,587,'Stuks',0.0381000,1,0.0381000,'2',NULL,1),
(1615,142,458,'Gram',0.0087013,60,0.5220780,'1',NULL,1),
(1616,142,459,'Gram',0.0097621,60,0.5857260,'1',NULL,1),
(1617,142,356,'Gram',0.0076300,60,0.4578000,'1',NULL,1),
(1618,142,318,'Gram',0.0144000,40,0.5760000,'1',NULL,1),
(1619,142,544,'Gram',0.0055000,50,0.2750000,'1',NULL,1),
(1620,142,543,'Gram',0.0055000,50,0.2750000,'1',NULL,1),
(1621,142,524,'Stuks',0.0906250,6,0.5437500,'1',NULL,1),
(1622,142,522,'Gram',0.0025000,80,0.2000000,'1',NULL,1),
(1623,142,607,'Gram',0.0037000,40,0.1480000,'1',NULL,1),
(1624,142,297,'Gram',0.0114500,60,0.6870000,'1',NULL,1),
(1625,142,320,'Stuks',0.1492000,5,0.7460000,'1',NULL,1),
(1626,142,390,'Gram',0.0050000,40,0.2000000,'1',NULL,1),
(1627,142,487,'Gram',0.0036889,60,0.2213340,'1',NULL,1),
(1628,142,705,'Gram',0.0039700,60,0.2382000,'1',NULL,1),
(1649,214,443,'Stuks',0.1286000,24,3.0864000,'1',NULL,1),
(1650,214,447,'Mililiter',0.0015690,40,0.0627600,'1',NULL,1),
(1651,214,434,'Mililiter',0.0019400,40,0.0776000,'1',NULL,1),
(1652,214,424,'Stuks',0.0130400,2,0.0260800,'2',NULL,1),
(1653,214,587,'Stuks',0.0381000,1,0.0381000,'2',NULL,1),
(1654,213,443,'Stuks',0.1286000,12,1.5432000,'1',NULL,1),
(1655,213,447,'Mililiter',0.0015690,40,0.0627600,'1',NULL,1),
(1656,213,434,'Mililiter',0.0019400,40,0.0776000,'1',NULL,1),
(1657,213,424,'Stuks',0.0130400,2,0.0260800,'2',NULL,1),
(1658,213,587,'Stuks',0.0381000,1,0.0381000,'2',NULL,1),
(1664,215,443,'Stuks',0.1286000,48,6.1728001,'1',NULL,1),
(1665,215,447,'Mililiter',0.0015690,80,0.1255200,'1',NULL,1),
(1666,215,434,'Mililiter',0.0019400,80,0.1552000,'1',NULL,1),
(1667,215,424,'Stuks',0.0130400,4,0.0521600,'2',NULL,1),
(1668,215,587,'Stuks',0.0381000,1,0.0381000,'2',NULL,1),
(1669,216,706,'Gram',0.0106000,120,1.2720000,'1','2022-03-31 10:57:32',1),
(1670,216,479,'Gram',0.0054704,150,0.8205600,'1','2022-03-31 10:57:32',1),
(1671,216,534,'Gram',0.0014375,25,0.0359375,'1','2022-03-31 10:57:32',1),
(1672,216,632,'Gram',0.0047391,80,0.3791280,'1','2022-03-31 10:57:32',1),
(1673,216,612,'Gram',0.0063600,60,0.3816000,'1','2022-03-31 10:57:32',1),
(1674,216,587,'Stuks',0.0381000,1,0.0381000,'2','2022-03-31 10:57:32',1),
(1675,218,509,'Stuks',0.2923611,12,3.5083332,'1','2022-03-31 11:04:17',1),
(1676,218,503,'Mililiter',0.0021000,40,0.0840000,'1','2022-03-31 11:04:17',1),
(1677,218,424,'Stuks',0.0130400,1,0.0130400,'2','2022-03-31 11:04:17',1),
(1678,218,587,'Stuks',0.0381000,1,0.0381000,'2','2022-03-31 11:04:17',1),
(1683,219,509,'Stuks',0.2923611,24,7.0166664,'1',NULL,1),
(1684,219,503,'Mililiter',0.0021000,40,0.0840000,'1',NULL,1),
(1685,219,424,'Stuks',0.0130400,1,0.0130400,'2',NULL,1),
(1686,219,587,'Stuks',0.0381000,1,0.0381000,'2',NULL,1),
(1691,220,509,'Stuks',0.2923611,48,14.0333328,'1',NULL,1),
(1692,220,503,'Mililiter',0.0021000,80,0.1680000,'1',NULL,1),
(1693,220,424,'Stuks',0.0130400,2,0.0260800,'2',NULL,1),
(1694,220,587,'Stuks',0.0381000,1,0.0381000,'2',NULL,1),
(1695,46,620,'Gram',0.0038500,90,0.3465000,'1',NULL,1),
(1696,46,608,'Gram',0.0035000,150,0.5250000,'1',NULL,1),
(1697,46,646,'Gram',0.0387667,10,0.3876670,'1',NULL,1),
(1698,46,614,'Gram',0.0100000,15,0.1500000,'1',NULL,1),
(1699,46,525,'Gram',0.0135000,6,0.0810000,'1',NULL,1),
(1700,46,539,'Gram',0.0140000,10,0.1400000,'1',NULL,1),
(1701,46,587,'Stuks',0.0381000,1,0.0381000,'2',NULL,1),
(1702,46,431,'Gram',0.0086000,15,0.1290000,'1','2022-03-31 11:49:55',1),
(1703,197,709,'Gram',0.0019850,500,0.9925000,'1',NULL,1),
(1704,197,700,'Gram',0.0057441,200,1.1488200,'1',NULL,1),
(1705,197,479,'Gram',0.0054704,35,0.1914640,'1',NULL,1),
(1706,197,632,'Gram',0.0047391,80,0.3791280,'1',NULL,1),
(1707,197,539,'Gram',0.0140000,10,0.1400000,'1',NULL,1),
(1708,221,710,'Stuks',1.3770833,1,1.3770833,'1','2022-04-28 03:18:36',1),
(1709,222,642,'Stuks',0.6125000,1,0.6125000,'1','2022-04-28 03:48:56',1),
(1710,223,642,'Stuks',0.6125000,12,7.3499999,'1','2022-04-28 03:54:12',1),
(1711,224,14,'Stuks',1.2187999,1,1.2187999,'1','2022-04-28 03:57:11',1),
(1723,225,458,'Gram',0.0087013,60,0.5220780,'1','2022-04-28 06:41:27',1),
(1724,225,459,'Gram',0.0097621,60,0.5857260,'1','2022-04-28 06:41:27',1),
(1725,225,356,'Gram',0.0076300,60,0.4578000,'1','2022-04-28 06:41:27',1),
(1726,225,318,'Gram',0.0144000,40,0.5760000,'1','2022-04-28 06:41:27',1),
(1727,225,544,'Gram',0.0055000,50,0.2750000,'1','2022-04-28 06:41:27',1),
(1728,225,543,'Gram',0.0055000,50,0.2750000,'1','2022-04-28 06:41:27',1),
(1729,225,524,'Stuks',0.0906250,6,0.5437500,'1','2022-04-28 06:41:27',1),
(1730,225,522,'Gram',0.0025000,80,0.2000000,'1','2022-04-28 06:41:27',1),
(1731,225,607,'Gram',0.0037000,40,0.1480000,'1','2022-04-28 06:41:27',1),
(1732,225,297,'Gram',0.0114500,60,0.6870000,'1','2022-04-28 06:41:27',1),
(1733,225,320,'Stuks',0.1492000,5,0.7460000,'1','2022-04-28 06:41:27',1),
(1734,225,390,'Gram',0.0050000,40,0.2000000,'1','2022-04-28 06:41:27',1),
(1735,225,487,'Gram',0.0036889,60,0.2213340,'1','2022-04-28 06:41:27',1),
(1736,225,705,'Gram',0.0039700,60,0.2382000,'1','2022-04-28 06:41:27',1),
(1737,226,458,'Gram',0.0087013,60,0.5220780,'1','2022-04-28 06:44:12',1),
(1738,226,459,'Gram',0.0097621,60,0.5857260,'1','2022-04-28 06:44:12',1),
(1739,226,356,'Gram',0.0076300,60,0.4578000,'1','2022-04-28 06:44:12',1),
(1740,226,318,'Gram',0.0144000,40,0.5760000,'1','2022-04-28 06:44:12',1),
(1741,226,544,'Gram',0.0055000,50,0.2750000,'1','2022-04-28 06:44:12',1),
(1742,226,543,'Gram',0.0055000,50,0.2750000,'1','2022-04-28 06:44:12',1),
(1743,226,524,'Stuks',0.0906250,6,0.5437500,'1','2022-04-28 06:44:12',1),
(1744,226,522,'Gram',0.0025000,80,0.2000000,'1','2022-04-28 06:44:12',1),
(1745,226,607,'Gram',0.0037000,40,0.1480000,'1','2022-04-28 06:44:12',1),
(1746,226,297,'Gram',0.0114500,60,0.6870000,'1','2022-04-28 06:44:12',1),
(1747,226,320,'Stuks',0.1492000,5,0.7460000,'1','2022-04-28 06:44:12',1),
(1748,226,390,'Gram',0.0050000,40,0.2000000,'1','2022-04-28 06:44:12',1),
(1749,226,487,'Gram',0.0036889,60,0.2213340,'1','2022-04-28 06:44:12',1),
(1750,226,705,'Gram',0.0039700,60,0.2382000,'1','2022-04-28 06:44:12',1),
(1754,228,643,'Stuks',0.7905000,1,0.7905000,'1',NULL,1),
(1755,228,570,'Stuks',0.1556000,1,0.1556000,'2',NULL,1),
(1756,228,512,'Stuks',0.0245040,1,0.0245040,'2',NULL,1),
(1782,230,34,'Stuks',0.8333333,1,0.8333333,'1','2022-05-17 05:16:12',1),
(1783,231,24,'Stuks',0.4312500,1,0.4312500,'1','2022-05-17 05:21:36',1),
(1786,232,416,'Stuks',2.6500001,1,2.6500001,'1','2022-05-19 03:19:00',1),
(1787,232,719,'Stuks',1.6882927,1,1.6882927,'1','2022-05-19 03:19:00',1),
(1788,233,418,'Stuks',6.1999998,1,6.1999998,'1','2022-05-19 03:22:10',1),
(1789,233,719,'Stuks',1.6882927,1,1.6882927,'1','2022-05-19 03:22:10',1),
(1790,234,714,'Stuks',3.0500000,1,3.0500000,'1','2022-05-19 04:27:41',1),
(1791,234,719,'Stuks',1.6882927,1,1.6882927,'1','2022-05-19 04:27:41',1),
(1792,235,419,'Stuks',5.3000002,1,5.3000002,'1','2022-05-19 04:29:09',1),
(1793,235,719,'Stuks',1.6882927,1,1.6882927,'1','2022-05-19 04:29:09',1),
(1794,236,707,'Stuks',2.6500001,1,2.6500001,'1','2022-05-19 04:30:44',1),
(1795,236,719,'Stuks',1.6882927,1,1.6882927,'1','2022-05-19 04:30:44',1),
(1796,237,417,'Stuks',6.1999998,1,6.1999998,'1','2022-05-19 05:31:08',1),
(1797,237,719,'Stuks',1.6882927,1,1.6882927,'1','2022-05-19 05:31:08',1),
(1798,238,420,'Stuks',3.0500000,1,3.0500000,'1','2022-05-19 05:32:25',1),
(1799,238,719,'Stuks',1.6882927,1,1.6882927,'1','2022-05-19 05:32:25',1),
(1800,239,417,'Stuks',6.1999998,1,6.1999998,'1','2022-05-19 05:41:16',1),
(1801,239,719,'Stuks',1.6882927,1,1.6882927,'1','2022-05-19 05:41:16',1),
(1802,240,420,'Stuks',3.0500000,1,3.0500000,'1','2022-05-19 05:42:24',1),
(1803,240,719,'Stuks',1.6882927,1,1.6882927,'1','2022-05-19 05:42:24',1),
(1804,241,446,'Kilogram',0.0013970,200,0.2794000,'1','2022-05-22 10:47:31',1),
(1805,241,466,'Stuks',0.1021111,1,0.1021111,'1','2022-05-22 10:47:31',1),
(1806,241,461,'Stuks',0.2209000,1,0.2209000,'1','2022-05-22 10:47:31',1),
(1807,241,426,'Stuks',0.0787000,1,0.0787000,'1','2022-05-22 10:47:31',1),
(1808,241,443,'Stuks',0.1286000,1,0.1286000,'1','2022-05-22 10:47:31',1),
(1809,241,720,'Mililiter',0.0020320,35,0.0711200,'1','2022-05-22 10:47:31',1),
(1810,241,447,'Mililiter',0.0015690,35,0.0549150,'1','2022-05-22 10:47:31',1),
(1811,229,415,'Stuks',5.3000002,1,5.3000002,'1',NULL,1),
(1812,229,719,'Stuks',1.6882927,1,1.6882927,'1',NULL,1),
(1833,162,180,'Centiliter',0.1317000,2,0.2634000,'1',NULL,1),
(1834,162,671,'Gram',0.0031581,50,0.1579050,'1',NULL,1),
(1835,162,672,'Gram',0.0062140,50,0.3107000,'1',NULL,1),
(1836,162,158,'Centiliter',0.0752000,2,0.1504000,'1',NULL,1),
(1837,162,82,'Centiliter',0.1600000,2,0.3200000,'1',NULL,1),
(1838,201,427,'Stuks',0.2952778,12,3.5433335,'1',NULL,1),
(1839,201,447,'Mililiter',0.0015690,40,0.0627600,'1',NULL,1),
(1840,201,434,'Mililiter',0.0019400,40,0.0776000,'1',NULL,1),
(1841,201,424,'Stuks',0.0130400,2,0.0260800,'2',NULL,1),
(1842,201,587,'Stuks',0.0381000,1,0.0381000,'2',NULL,1),
(1843,90,618,'Stuks',0.6833000,1,0.6833000,'1',NULL,1),
(1844,90,613,'Gram',0.0100000,15,0.1500000,'1',NULL,1),
(1845,90,614,'Gram',0.0100000,15,0.1500000,'1',NULL,1),
(1846,90,304,'Gram',0.0093100,60,0.5586000,'1',NULL,1),
(1847,90,314,'Gram',0.0180333,10,0.1803330,'1',NULL,1),
(1848,90,525,'Gram',0.0135000,4,0.0540000,'1',NULL,1),
(1849,90,539,'Gram',0.0140000,6,0.0840000,'1',NULL,1),
(1850,90,306,'Mililiter',0.0081000,10,0.0810000,'1',NULL,1),
(1851,90,605,'Stuks',0.3300000,1,0.3300000,'2',NULL,1),
(1852,89,618,'Stuks',0.6833000,1,0.6833000,'1',NULL,1),
(1853,89,613,'Gram',0.0100000,10,0.1000000,'1',NULL,1),
(1854,89,614,'Gram',0.0100000,10,0.1000000,'1',NULL,1),
(1855,89,295,'Gram',0.0224500,60,1.3470000,'1',NULL,1),
(1856,89,525,'Gram',0.0135000,4,0.0540000,'1',NULL,1),
(1857,89,539,'Gram',0.0140000,6,0.0840000,'1',NULL,1),
(1858,89,428,'Mililiter',0.0042720,10,0.0427200,'1',NULL,1),
(1859,89,463,'Gram',0.0052222,5,0.0261110,'1',NULL,1),
(1860,89,605,'Stuks',0.3300000,1,0.3300000,'2',NULL,1),
(1861,85,618,'Stuks',0.6833000,1,0.6833000,'1',NULL,1),
(1862,85,613,'Gram',0.0100000,7,0.0700000,'1',NULL,1),
(1863,85,559,'Gram',0.0149500,60,0.8970000,'1',NULL,1),
(1864,85,614,'Gram',0.0100000,15,0.1500000,'1',NULL,1),
(1865,85,484,'Gram',0.0352667,4,0.1410668,'1',NULL,1),
(1866,85,452,'Gram',0.0106850,10,0.1068500,'1',NULL,1),
(1867,85,607,'Gram',0.0037000,15,0.0555000,'1',NULL,1),
(1868,85,522,'Gram',0.0025000,15,0.0375000,'1',NULL,1),
(1869,85,525,'Gram',0.0135000,4,0.0540000,'1',NULL,1),
(1870,85,539,'Gram',0.0140000,3,0.0420000,'1',NULL,1),
(1871,85,605,'Stuks',0.3300000,1,0.3300000,'2',NULL,1),
(1872,110,618,'Stuks',0.6833000,1,0.6833000,'1',NULL,1),
(1873,110,458,'Gram',0.0087013,25,0.2175325,'1',NULL,1),
(1874,110,308,'Gram',0.0078810,15,0.1182150,'1',NULL,1),
(1875,110,613,'Gram',0.0100000,10,0.1000000,'1',NULL,1),
(1876,110,523,'Gram',0.0022500,20,0.0450000,'1',NULL,1),
(1877,110,522,'Gram',0.0025000,20,0.0500000,'1',NULL,1),
(1878,110,614,'Gram',0.0100000,10,0.1000000,'1',NULL,1),
(1879,110,439,'Stuks',0.2150000,1,0.2150000,'1',NULL,1),
(1880,110,605,'Stuks',0.3300000,1,0.3300000,'2',NULL,1),
(1881,110,539,'Gram',0.0140000,3,0.0420000,'1',NULL,1),
(1882,110,525,'Gram',0.0135000,4,0.0540000,'1',NULL,1),
(1883,165,675,'Gram',0.0059100,115,0.6796500,'1',NULL,1),
(1884,165,387,'Mililiter',0.0056150,50,0.2807500,'1',NULL,1),
(1885,165,671,'Gram',0.0031581,50,0.1579050,'1',NULL,1),
(1886,165,542,'Gram',0.0055000,25,0.1375000,'1',NULL,1),
(1887,165,544,'Gram',0.0055000,25,0.1375000,'1',NULL,1),
(1888,165,538,'Gram',0.0200000,2,0.0400000,'1',NULL,1),
(1889,165,676,'Gram',0.0017333,30,0.0519990,'1',NULL,1),
(1890,165,756,'Stuks',0.1135333,1,0.1135333,'1','2022-06-16 07:55:29',1),
(1891,104,614,'Gram',0.0100000,110,1.1000000,'1',NULL,1),
(1892,104,628,'Gram',0.0082000,150,1.2300000,'1',NULL,1),
(1893,104,527,'Gram',0.0016000,20,0.0320000,'1',NULL,1),
(1894,104,526,'Gram',0.0020000,30,0.0600000,'1',NULL,1),
(1895,104,536,'Gram',0.0030000,20,0.0600000,'1',NULL,1),
(1896,104,534,'Gram',0.0014375,20,0.0287500,'1',NULL,1),
(1897,104,524,'Stuks',0.0906250,3,0.2718750,'1',NULL,1),
(1898,104,510,'Mililiter',0.0050000,25,0.1250000,'1',NULL,1),
(1899,104,655,'Stuks',0.8753000,1,0.8753000,'2',NULL,1),
(1900,154,495,'Gram',0.0034200,200,0.6840000,'1',NULL,1),
(1901,154,448,'Gram',0.0034385,10,0.0343850,'1',NULL,1),
(1902,154,659,'Stuks',0.5239000,1,0.5239000,'1',NULL,1),
(1903,154,328,'Gram',0.0051200,15,0.0768000,'1',NULL,1),
(1904,154,665,'Gram',0.0080678,200,1.6135600,'1',NULL,1),
(1905,154,422,'Gram',0.0034080,25,0.0852000,'1',NULL,1),
(1906,155,495,'Gram',0.0034200,200,0.6840000,'1',NULL,1),
(1907,155,448,'Gram',0.0034385,10,0.0343850,'1',NULL,1),
(1908,155,328,'Gram',0.0051200,15,0.0768000,'1',NULL,1),
(1909,155,665,'Gram',0.0080678,200,1.6135600,'1',NULL,1),
(1910,155,422,'Gram',0.0034080,25,0.0852000,'1',NULL,1),
(1911,155,664,'Stuks',0.8040000,1,0.8040000,'1',NULL,1),
(1912,155,660,'Stuks',0.3802200,1,0.3802200,'2',NULL,1),
(1913,200,320,'Stuks',0.1492000,48,7.1616001,'1',NULL,1),
(1914,200,495,'Gram',0.0034200,300,1.0260000,'1',NULL,1),
(1915,200,704,'Stuks',0.0007100,48,0.0340800,'2',NULL,1),
(1919,247,320,'Stuks',0.1492000,24,3.5808001,'1',NULL,1),
(1920,247,495,'Gram',0.0034200,300,1.0260000,'1',NULL,1),
(1921,247,704,'Stuks',0.0007100,48,0.0340800,'2',NULL,1),
(1922,248,320,'Stuks',0.1492000,48,7.1616001,'1','2022-06-16 08:27:29',1),
(1923,248,495,'Gram',0.0034200,300,1.0260000,'1','2022-06-16 08:27:29',1),
(1924,248,704,'Stuks',0.0007100,48,0.0340800,'2','2022-06-16 08:27:29',1),
(1926,250,34,'Stuks',0.8333333,1,0.8333333,'1','2022-06-16 20:20:08',1),
(1927,251,34,'Stuks',0.8333333,1,0.8333333,'1','2022-06-16 20:21:59',1),
(1928,252,34,'Stuks',0.8333333,1,0.8333333,'1','2022-06-16 20:22:32',1);

/*Table structure for table `voorraadteling_puchase` */

DROP TABLE IF EXISTS `voorraadteling_puchase`;

CREATE TABLE `voorraadteling_puchase` (
  `id` int(10) unsigned NOT NULL AUTO_INCREMENT,
  `leve_copy_id` int(11) DEFAULT NULL,
  `statiegeld_id` int(11) DEFAULT NULL,
  `statiegeld_price` float(13,7) DEFAULT NULL,
  `aantal_omdozen` int(11) DEFAULT NULL,
  `lege_omdozen` int(11) DEFAULT NULL,
  `omdoos_statiegeld_totaal` float(13,7) DEFAULT NULL,
  `statiegeld_los` int(11) DEFAULT NULL,
  `statiegeld_eenheid2` float(13,7) DEFAULT NULL,
  `losse_geteld` float(13,7) DEFAULT NULL,
  `lege_geteld` float(13,7) DEFAULT NULL,
  `statiegeld_losse_flessen` float(13,7) DEFAULT NULL,
  `aantal_geteld` int(11) DEFAULT NULL,
  `waarde_voorraad` float(13,7) DEFAULT NULL,
  `waarde_voorraad2` float(13,7) DEFAULT NULL,
  `waard_statiegeld` float(13,7) DEFAULT NULL,
  `total_voorraad_waarde` float(13,7) DEFAULT NULL,
  `created_at` datetime DEFAULT NULL,
  `company_id` int(3) DEFAULT NULL,
  PRIMARY KEY (`id`)
) ENGINE=InnoDB AUTO_INCREMENT=7 DEFAULT CHARSET=utf8;

/*Data for the table `voorraadteling_puchase` */

/*Table structure for table `voorraadtelling` */

DROP TABLE IF EXISTS `voorraadtelling`;

CREATE TABLE `voorraadtelling` (
  `id` int(10) unsigned NOT NULL AUTO_INCREMENT,
  `name` varchar(50) DEFAULT NULL,
  `company_id` int(3) DEFAULT NULL,
  PRIMARY KEY (`id`)
) ENGINE=InnoDB AUTO_INCREMENT=11 DEFAULT CHARSET=utf8;

/*Data for the table `voorraadtelling` */

/*!40101 SET SQL_MODE=@OLD_SQL_MODE */;
/*!40014 SET FOREIGN_KEY_CHECKS=@OLD_FOREIGN_KEY_CHECKS */;
/*!40014 SET UNIQUE_CHECKS=@OLD_UNIQUE_CHECKS */;
/*!40111 SET SQL_NOTES=@OLD_SQL_NOTES */;
